scenario,seed,total_agents,trial_id,success,time,makespan,cost,nodes,error,generated_count,image_path
纯小车 (1x1),11952,4,1,True,0.01286458969116211,19,42,4,,4,
纯小车 (1x1),84943,4,2,True,0.002758502960205078,13,38,0,,4,
纯小车 (1x1),50837,4,3,True,0.0039522647857666016,20,45,0,,4,
纯小车 (1x1),93540,4,4,True,0.007760286331176758,27,49,0,,4,
纯小车 (1x1),13499,4,5,True,0.021589040756225586,28,60,1,,4,
纯小车 (1x1),2880,4,6,True,0.009280681610107422,25,67,0,,4,
纯小车 (1x1),56027,4,7,True,0.003163576126098633,18,41,0,,4,
纯小车 (1x1),66271,4,8,True,0.006316661834716797,21,61,0,,4,
纯小车 (1x1),99015,4,9,True,0.004678010940551758,17,41,0,,4,
纯小车 (1x1),38050,4,10,True,0.008568286895751953,25,66,1,,4,
纯小车 (1x1),64392,4,11,True,0.004357814788818359,31,57,0,,4,
纯小车 (1x1),7509,4,12,True,0.01360011100769043,26,70,2,,4,
纯小车 (1x1),50227,4,13,True,0.016814231872558594,24,61,4,,4,
纯小车 (1x1),16345,4,14,True,0.006224393844604492,20,50,0,,4,
纯小车 (1x1),72282,4,15,True,0.04383111000061035,32,62,2,,4,
纯小车 (1x1),53260,4,16,True,0.014855384826660156,36,63,0,,4,
纯小车 (1x1),12783,4,17,True,0.008716583251953125,26,59,1,,4,
纯小车 (1x1),51351,4,18,True,0.007623195648193359,26,72,2,,4,
纯小车 (1x1),13405,4,19,True,0.005029201507568359,23,45,1,,4,
纯小车 (1x1),19981,4,20,True,0.006906986236572266,24,81,0,,4,
纯小车 (1x1),92180,5,1,True,0.013355731964111328,24,68,2,,5,
纯小车 (1x1),73656,5,2,True,0.003532886505126953,21,65,0,,5,
纯小车 (1x1),746,5,3,True,0.009491205215454102,20,77,4,,5,
纯小车 (1x1),86513,5,4,True,0.005526542663574219,24,79,0,,5,
纯小车 (1x1),50490,5,5,True,0.010313034057617188,19,64,4,,5,
纯小车 (1x1),96851,5,6,True,0.0056803226470947266,21,55,1,,5,
纯小车 (1x1),39929,5,7,True,0.003242969512939453,25,67,0,,5,
纯小车 (1x1),78748,5,8,True,0.0038459300994873047,20,61,0,,5,
纯小车 (1x1),39773,5,9,True,0.0027022361755371094,21,51,0,,5,
纯小车 (1x1),34095,5,10,True,0.013373851776123047,34,90,2,,5,
纯小车 (1x1),30607,5,11,True,0.007510662078857422,23,62,0,,5,
纯小车 (1x1),4957,5,12,True,0.004094362258911133,25,67,0,,5,
纯小车 (1x1),70660,5,13,True,0.003953695297241211,27,69,0,,5,
纯小车 (1x1),87686,5,14,True,0.011622190475463867,29,87,4,,5,
纯小车 (1x1),33326,5,15,True,0.0031349658966064453,17,60,0,,5,
纯小车 (1x1),69738,5,16,True,0.008442878723144531,20,62,3,,5,
纯小车 (1x1),79437,5,17,True,0.0059108734130859375,23,63,1,,5,
纯小车 (1x1),88939,5,18,True,0.04967856407165527,29,88,14,,5,
纯小车 (1x1),83898,5,19,True,0.003668069839477539,17,58,0,,5,
纯小车 (1x1),63702,5,20,True,0.012958765029907227,27,94,2,,5,
纯小车 (1x1),32970,6,1,True,0.005591392517089844,20,89,0,,6,
纯小车 (1x1),77671,6,2,True,0.0408635139465332,22,87,16,,6,
纯小车 (1x1),85838,6,3,True,0.01038217544555664,24,74,3,,6,
纯小车 (1x1),88828,6,4,True,0.012526512145996094,29,78,3,,6,
纯小车 (1x1),81089,6,5,True,0.003737926483154297,16,65,0,,6,
纯小车 (1x1),70192,6,6,True,0.009190082550048828,22,88,2,,6,
纯小车 (1x1),47432,6,7,True,0.010161399841308594,22,89,2,,6,
纯小车 (1x1),7278,6,8,True,0.03942418098449707,22,98,16,,6,
纯小车 (1x1),99144,6,9,True,0.025348186492919922,22,83,6,,6,
纯小车 (1x1),20703,6,10,True,0.00860738754272461,19,74,2,,6,
纯小车 (1x1),61601,6,11,True,0.006770133972167969,25,76,0,,6,
纯小车 (1x1),49615,6,12,True,0.0077974796295166016,22,83,0,,6,
纯小车 (1x1),68981,6,13,True,0.009094953536987305,22,69,2,,6,
纯小车 (1x1),32624,6,14,True,0.00885152816772461,21,83,2,,6,
纯小车 (1x1),37540,6,15,True,0.020389556884765625,20,95,9,,6,
纯小车 (1x1),37260,6,16,True,0.07432055473327637,26,108,14,,6,
纯小车 (1x1),67555,6,17,True,0.00476527214050293,20,67,0,,6,
纯小车 (1x1),26379,6,18,True,0.010326147079467773,29,108,1,,6,
纯小车 (1x1),87791,6,19,True,0.041539907455444336,24,72,2,,6,
纯小车 (1x1),85087,6,20,True,0.011760950088500977,24,96,3,,6,
纯小车 (1x1),68988,7,1,True,0.01926279067993164,21,93,3,,7,
纯小车 (1x1),49250,7,2,True,0.011837959289550781,20,81,4,,7,
纯小车 (1x1),98801,7,3,True,0.008810997009277344,16,68,2,,7,
纯小车 (1x1),65826,7,4,True,0.09339570999145508,21,107,20,,7,
纯小车 (1x1),20920,7,5,True,0.014157295227050781,23,98,4,,7,
纯小车 (1x1),66842,7,6,True,0.06483697891235352,25,127,19,,7,
纯小车 (1x1),47450,7,7,True,0.012813091278076172,26,126,2,,7,
纯小车 (1x1),27305,7,8,True,0.021340608596801758,29,115,5,,7,
纯小车 (1x1),66498,7,9,True,0.011551856994628906,19,103,4,,7,
纯小车 (1x1),63338,7,10,True,0.010719537734985352,21,97,2,,7,
纯小车 (1x1),77197,7,11,True,0.005926609039306641,24,107,0,,7,
纯小车 (1x1),95283,7,12,True,0.008767366409301758,21,92,2,,7,
纯小车 (1x1),44366,7,13,False,5.164547443389893,-1,-1,75,超时,7,
纯小车 (1x1),73782,7,14,True,0.0048525333404541016,15,69,0,,7,
纯小车 (1x1),97937,7,15,True,0.010507583618164062,22,88,0,,7,
纯小车 (1x1),40409,7,16,True,0.015889644622802734,22,89,4,,7,
纯小车 (1x1),56230,7,17,True,0.019939184188842773,19,92,4,,7,
纯小车 (1x1),31675,7,18,True,0.0282285213470459,21,120,4,,7,
纯小车 (1x1),72968,7,19,True,0.0532383918762207,26,113,11,,7,
纯小车 (1x1),47494,7,20,True,0.032076358795166016,33,92,4,,7,
纯小车 (1x1),25693,8,1,True,0.02916550636291504,25,97,8,,8,
纯小车 (1x1),37518,8,2,False,5.009475231170654,-1,-1,60,超时,8,
纯小车 (1x1),78778,8,3,True,0.0058746337890625,19,87,0,,8,
纯小车 (1x1),63031,8,4,False,0.012219667434692383,-1,-1,0,no_solution,8,
纯小车 (1x1),58413,8,5,True,0.05957937240600586,29,127,10,,8,
纯小车 (1x1),84545,8,6,True,0.014919042587280273,20,86,2,,8,
纯小车 (1x1),54833,8,7,True,0.027287721633911133,22,89,3,,8,
纯小车 (1x1),72396,8,8,True,0.014647722244262695,22,93,0,,8,
纯小车 (1x1),64182,8,9,True,0.090667724609375,23,108,5,,8,
纯小车 (1x1),28866,8,10,True,0.15150809288024902,28,135,34,,8,
纯小车 (1x1),50674,8,11,True,0.07718515396118164,26,128,11,,8,
纯小车 (1x1),82420,8,12,True,0.05664873123168945,24,96,15,,8,
纯小车 (1x1),27303,8,13,True,0.007430076599121094,18,96,0,,8,
纯小车 (1x1),92225,8,14,False,0.5423541069030762,-1,-1,78,no_solution,8,
纯小车 (1x1),43241,8,15,True,0.009142875671386719,18,96,0,,8,
纯小车 (1x1),81092,8,16,True,0.014393091201782227,21,126,2,,8,
纯小车 (1x1),16091,8,17,True,0.029500722885131836,24,121,9,,8,
纯小车 (1x1),7144,8,18,True,0.01491689682006836,21,105,2,,8,
纯小车 (1x1),13646,8,19,True,0.3151412010192871,29,111,20,,8,
纯小车 (1x1),60808,8,20,True,0.014868974685668945,23,95,2,,8,
纯小车 (1x1),5182,9,1,True,0.20137524604797363,29,165,28,,9,
纯小车 (1x1),91912,9,2,True,0.010528802871704102,33,119,0,,9,
纯小车 (1x1),94492,9,3,True,0.023316621780395508,25,130,1,,9,
纯小车 (1x1),88332,9,4,True,0.19884395599365234,32,150,35,,9,
纯小车 (1x1),4768,9,5,True,0.0891408920288086,30,120,17,,9,
纯小车 (1x1),72752,9,6,True,0.04486966133117676,26,123,10,,9,
纯小车 (1x1),14342,9,7,True,0.07041549682617188,28,147,7,,9,
纯小车 (1x1),40483,9,8,True,0.1735854148864746,29,148,21,,9,
纯小车 (1x1),73755,9,9,True,0.030248165130615234,34,160,1,,9,
纯小车 (1x1),87929,9,10,True,0.036830902099609375,24,108,8,,9,
纯小车 (1x1),69700,9,11,True,0.09280514717102051,25,119,14,,9,
纯小车 (1x1),22842,9,12,True,0.020708799362182617,21,110,2,,9,
纯小车 (1x1),91589,9,13,True,0.024259567260742188,23,144,2,,9,
纯小车 (1x1),83448,9,14,True,0.02733778953552246,21,116,6,,9,
纯小车 (1x1),22166,9,15,True,0.09969162940979004,29,167,11,,9,
纯小车 (1x1),20410,9,16,True,0.015715599060058594,23,123,2,,9,
纯小车 (1x1),86217,9,17,True,0.11265444755554199,22,127,33,,9,
纯小车 (1x1),69478,9,18,True,0.02812051773071289,22,106,5,,9,
纯小车 (1x1),93448,9,19,False,0.00972747802734375,-1,-1,0,no_solution,9,
纯小车 (1x1),44574,9,20,True,0.03543257713317871,25,103,9,,9,
纯小车 (1x1),7988,10,1,True,0.07207083702087402,22,162,8,,10,
纯小车 (1x1),48828,10,2,True,0.06384563446044922,25,140,13,,10,
纯小车 (1x1),23098,10,3,True,0.09441304206848145,28,170,10,,10,
纯小车 (1x1),15538,10,4,True,0.12850713729858398,19,109,21,,10,
纯小车 (1x1),5555,10,5,True,0.1303243637084961,23,150,25,,10,
纯小车 (1x1),2030,10,6,True,0.19042229652404785,28,108,30,,10,
纯小车 (1x1),85809,10,7,True,0.10915946960449219,26,143,5,,10,
纯小车 (1x1),99822,10,8,True,0.03283405303955078,26,128,4,,10,
纯小车 (1x1),14930,10,9,True,0.14165711402893066,32,172,12,,10,
纯小车 (1x1),16477,10,10,True,0.04388546943664551,26,148,5,,10,
纯小车 (1x1),3960,10,11,True,0.11872148513793945,29,116,11,,10,
纯小车 (1x1),33708,10,12,True,0.024917125701904297,28,129,4,,10,
纯小车 (1x1),78304,10,13,True,0.037518978118896484,28,147,9,,10,
纯小车 (1x1),90814,10,14,True,0.19988298416137695,23,161,28,,10,
纯小车 (1x1),48956,10,15,True,0.5362765789031982,30,159,69,,10,
纯小车 (1x1),84599,10,16,True,0.018298625946044922,26,136,3,,10,
纯小车 (1x1),45988,10,17,True,0.03428387641906738,25,163,6,,10,
纯小车 (1x1),6128,10,18,True,0.058466434478759766,31,142,9,,10,
纯小车 (1x1),34224,10,19,True,0.03153395652770996,23,148,4,,10,
纯小车 (1x1),53718,10,20,True,0.11274504661560059,34,128,15,,10,
混合方块 (1x1 + 2x2),32540,4,1,True,0.00846552848815918,25,60,0,,4,
混合方块 (1x1 + 2x2),2367,4,2,False,0.00684046745300293,-1,-1,0,no_solution,4,
混合方块 (1x1 + 2x2),25369,4,3,True,0.011927127838134766,24,70,2,,4,
混合方块 (1x1 + 2x2),34163,4,4,True,0.009880781173706055,29,71,0,,4,
混合方块 (1x1 + 2x2),10235,4,5,True,0.008886098861694336,28,89,0,,4,
混合方块 (1x1 + 2x2),35529,4,6,True,0.004407644271850586,13,39,0,,4,
混合方块 (1x1 + 2x2),45864,4,7,True,0.006543874740600586,23,62,0,,4,
混合方块 (1x1 + 2x2),32731,4,8,True,0.004183530807495117,19,51,0,,4,
混合方块 (1x1 + 2x2),89237,4,9,False,0.026038408279418945,-1,-1,5,no_solution,4,
混合方块 (1x1 + 2x2),6963,4,10,True,0.011095762252807617,18,42,4,,4,
混合方块 (1x1 + 2x2),64849,4,11,True,0.06307125091552734,24,75,18,,4,
混合方块 (1x1 + 2x2),88562,4,12,True,0.020200729370117188,30,68,2,,4,
混合方块 (1x1 + 2x2),1877,4,13,True,0.008153438568115234,18,44,0,,4,
混合方块 (1x1 + 2x2),96027,4,14,True,0.048685312271118164,29,85,4,,4,
混合方块 (1x1 + 2x2),24848,4,15,True,0.005926609039306641,18,37,0,,4,
混合方块 (1x1 + 2x2),36613,4,16,True,0.08695793151855469,19,63,18,,4,
混合方块 (1x1 + 2x2),23825,4,17,True,0.006543159484863281,25,59,0,,4,
混合方块 (1x1 + 2x2),64469,4,18,True,0.13771986961364746,24,76,16,,4,
混合方块 (1x1 + 2x2),86181,4,19,True,0.016965389251708984,34,91,2,,4,
混合方块 (1x1 + 2x2),58395,4,20,True,0.0045735836029052734,17,56,0,,4,
混合方块 (1x1 + 2x2),64122,5,1,True,0.306194543838501,30,92,44,,5,
混合方块 (1x1 + 2x2),77113,5,2,True,0.04913187026977539,21,60,5,,5,
混合方块 (1x1 + 2x2),81916,5,3,True,0.018416166305541992,30,92,3,,5,
混合方块 (1x1 + 2x2),21664,5,4,True,0.004648685455322266,12,49,0,,5,
混合方块 (1x1 + 2x2),10141,5,5,True,0.00590825080871582,19,48,0,,5,
混合方块 (1x1 + 2x2),78925,5,6,True,0.019967317581176758,19,56,8,,5,
混合方块 (1x1 + 2x2),89704,5,7,True,0.008173704147338867,30,80,0,,5,
混合方块 (1x1 + 2x2),10872,5,8,True,0.09484982490539551,25,78,24,,5,
混合方块 (1x1 + 2x2),6208,5,9,True,0.06296014785766602,26,73,10,,5,
混合方块 (1x1 + 2x2),30759,5,10,True,0.00661158561706543,17,52,0,,5,
混合方块 (1x1 + 2x2),72532,5,11,True,0.005030632019042969,14,42,0,,5,
混合方块 (1x1 + 2x2),42511,5,12,True,0.008355379104614258,16,66,0,,5,
混合方块 (1x1 + 2x2),9553,5,13,True,0.016382217407226562,26,86,2,,5,
混合方块 (1x1 + 2x2),60900,5,14,False,0.00773167610168457,-1,-1,0,no_solution,5,
混合方块 (1x1 + 2x2),63290,5,15,True,0.008777856826782227,21,65,0,,5,
混合方块 (1x1 + 2x2),99131,5,16,True,0.011197566986083984,23,59,0,,5,
混合方块 (1x1 + 2x2),58986,5,17,True,0.004512310028076172,16,51,0,,5,
混合方块 (1x1 + 2x2),31487,5,18,True,0.018636465072631836,27,99,0,,5,
混合方块 (1x1 + 2x2),28339,5,19,True,0.006633281707763672,24,61,0,,5,
混合方块 (1x1 + 2x2),21291,5,20,True,0.0063822269439697266,17,53,0,,5,
混合方块 (1x1 + 2x2),99705,6,1,True,0.17822670936584473,13,49,35,,6,
混合方块 (1x1 + 2x2),30249,6,2,True,0.005178928375244141,23,56,0,,6,
混合方块 (1x1 + 2x2),45312,6,3,True,0.0059816837310791016,18,65,0,,6,
混合方块 (1x1 + 2x2),89477,6,4,False,0.42375826835632324,-1,-1,107,no_solution,6,
混合方块 (1x1 + 2x2),60002,6,5,True,0.0060863494873046875,22,59,0,,6,
混合方块 (1x1 + 2x2),11383,6,6,True,0.005640983581542969,17,57,0,,6,
混合方块 (1x1 + 2x2),28158,6,7,False,0.012412786483764648,-1,-1,1,no_solution,6,
混合方块 (1x1 + 2x2),86440,6,8,False,0.008014678955078125,-1,-1,0,no_solution,6,
混合方块 (1x1 + 2x2),36661,6,9,False,0.014017105102539062,-1,-1,0,no_solution,6,
混合方块 (1x1 + 2x2),27554,6,10,False,0.006963014602661133,-1,-1,0,no_solution,6,
混合方块 (1x1 + 2x2),8131,6,11,True,0.006198883056640625,16,61,0,,6,
混合方块 (1x1 + 2x2),7106,6,12,True,0.039231300354003906,21,75,10,,6,
混合方块 (1x1 + 2x2),18544,6,13,False,0.010719537734985352,-1,-1,0,no_solution,6,
混合方块 (1x1 + 2x2),74522,6,14,False,0.008202791213989258,-1,-1,0,no_solution,6,
混合方块 (1x1 + 2x2),62734,6,15,False,0.011934757232666016,-1,-1,0,no_solution,6,
混合方块 (1x1 + 2x2),26012,6,16,True,0.01658487319946289,25,60,2,,6,
混合方块 (1x1 + 2x2),30035,6,17,True,0.49512696266174316,37,140,44,,6,
混合方块 (1x1 + 2x2),45188,6,18,False,0.014091253280639648,-1,-1,0,no_solution,6,
混合方块 (1x1 + 2x2),87750,6,19,False,0.005544900894165039,-1,-1,0,no_solution,6,
混合方块 (1x1 + 2x2),45095,6,20,False,1.657989501953125,-1,-1,320,no_solution,6,
混合方块 (1x1 + 2x2),43326,7,1,False,0.029166698455810547,-1,-1,2,no_solution,7,
混合方块 (1x1 + 2x2),75567,7,2,False,0.018684864044189453,-1,-1,3,no_solution,7,
混合方块 (1x1 + 2x2),81755,7,3,False,0.008744955062866211,-1,-1,0,no_solution,7,
混合方块 (1x1 + 2x2),36769,7,4,False,0.009137630462646484,-1,-1,0,no_solution,7,
混合方块 (1x1 + 2x2),69987,7,5,False,0.013440847396850586,-1,-1,0,no_solution,7,
混合方块 (1x1 + 2x2),21985,7,6,False,0.01886892318725586,-1,-1,0,no_solution,7,
混合方块 (1x1 + 2x2),61071,7,7,False,3.8351972103118896,-1,-1,493,no_solution,7,
混合方块 (1x1 + 2x2),16736,7,8,False,0.00885915756225586,-1,-1,0,no_solution,7,
混合方块 (1x1 + 2x2),64099,7,9,True,0.013329267501831055,20,85,2,,7,
混合方块 (1x1 + 2x2),79414,7,10,False,0.05181241035461426,-1,-1,12,no_solution,7,
混合方块 (1x1 + 2x2),84649,7,11,False,0.005753993988037109,-1,-1,0,no_solution,7,
混合方块 (1x1 + 2x2),24989,7,12,True,0.010312080383300781,28,96,2,,7,
混合方块 (1x1 + 2x2),15539,7,13,True,0.005487680435180664,20,63,0,,7,
混合方块 (1x1 + 2x2),81508,7,14,False,0.008664846420288086,-1,-1,0,no_solution,7,
混合方块 (1x1 + 2x2),99360,7,15,True,0.016361713409423828,22,92,5,,7,
混合方块 (1x1 + 2x2),86080,7,16,False,0.7592968940734863,-1,-1,135,no_solution,7,
混合方块 (1x1 + 2x2),38385,7,17,False,0.006579399108886719,-1,-1,0,no_solution,7,
混合方块 (1x1 + 2x2),63967,7,18,False,3.721140146255493,-1,-1,1015,max_iter,7,
混合方块 (1x1 + 2x2),12361,7,19,True,0.07152819633483887,22,94,32,,7,
混合方块 (1x1 + 2x2),49379,7,20,True,0.01612114906311035,21,76,5,,7,
混合方块 (1x1 + 2x2),99890,8,1,True,0.00777435302734375,15,67,2,,8,
混合方块 (1x1 + 2x2),34916,8,2,True,0.4753096103668213,30,104,114,,8,
混合方块 (1x1 + 2x2),17334,8,3,False,0.011111736297607422,-1,-1,0,no_solution,8,
混合方块 (1x1 + 2x2),72669,8,4,True,0.048919677734375,19,97,17,,8,
混合方块 (1x1 + 2x2),64234,8,5,True,1.991727590560913,23,133,542,,8,
混合方块 (1x1 + 2x2),39773,8,6,True,0.024663209915161133,23,94,4,,8,
混合方块 (1x1 + 2x2),32044,8,7,False,0.01323246955871582,-1,-1,1,no_solution,8,
混合方块 (1x1 + 2x2),38391,8,8,True,0.05981040000915527,25,104,14,,8,
混合方块 (1x1 + 2x2),25753,8,9,True,0.024499177932739258,30,108,4,,8,
混合方块 (1x1 + 2x2),18424,8,10,True,0.040967464447021484,25,113,13,,8,
混合方块 (1x1 + 2x2),3591,8,11,False,0.008440256118774414,-1,-1,0,no_solution,8,
混合方块 (1x1 + 2x2),85805,8,12,False,0.13776826858520508,-1,-1,41,no_solution,8,
混合方块 (1x1 + 2x2),52232,8,13,False,0.010401248931884766,-1,-1,0,no_solution,8,
混合方块 (1x1 + 2x2),19517,8,14,True,0.010911226272583008,19,81,2,,8,
混合方块 (1x1 + 2x2),40636,8,15,False,0.00784754753112793,-1,-1,0,no_solution,8,
混合方块 (1x1 + 2x2),24711,8,16,True,0.09597563743591309,25,115,29,,8,
混合方块 (1x1 + 2x2),5750,8,17,False,1.132657766342163,-1,-1,179,no_solution,8,
混合方块 (1x1 + 2x2),78977,8,18,False,0.0314178466796875,-1,-1,6,no_solution,8,
混合方块 (1x1 + 2x2),16030,8,19,False,0.008160829544067383,-1,-1,0,no_solution,8,
混合方块 (1x1 + 2x2),94206,8,20,False,0.0076410770416259766,-1,-1,0,no_solution,8,
混合方块 (1x1 + 2x2),18640,9,1,True,0.015438556671142578,27,118,1,,9,
混合方块 (1x1 + 2x2),56909,9,2,True,1.1284773349761963,23,127,199,,9,
混合方块 (1x1 + 2x2),7976,9,3,False,5.012348651885986,-1,-1,709,超时,9,
混合方块 (1x1 + 2x2),38883,9,4,False,5.010773658752441,-1,-1,422,超时,9,
混合方块 (1x1 + 2x2),52397,9,5,False,5.008697986602783,-1,-1,696,超时,9,
混合方块 (1x1 + 2x2),87873,9,6,True,0.13326239585876465,22,115,29,,9,
混合方块 (1x1 + 2x2),40272,9,7,False,5.047152996063232,-1,-1,426,超时,9,
混合方块 (1x1 + 2x2),4703,9,8,True,0.08946633338928223,20,100,11,,9,
混合方块 (1x1 + 2x2),81071,9,9,True,0.04890775680541992,27,134,5,,9,
混合方块 (1x1 + 2x2),46363,9,10,False,0.015452146530151367,-1,-1,0,no_solution,9,
混合方块 (1x1 + 2x2),16223,9,11,False,5.012845277786255,-1,-1,423,超时,9,
混合方块 (1x1 + 2x2),27611,9,12,False,5.017278432846069,-1,-1,264,超时,9,
混合方块 (1x1 + 2x2),52231,9,13,True,0.027727842330932617,27,109,1,,9,
混合方块 (1x1 + 2x2),62588,9,14,False,5.015519618988037,-1,-1,459,超时,9,
混合方块 (1x1 + 2x2),68062,9,15,True,0.2684049606323242,18,123,46,,9,
混合方块 (1x1 + 2x2),8627,9,16,False,0.013732671737670898,-1,-1,0,no_solution,9,
混合方块 (1x1 + 2x2),82660,9,17,True,0.11451196670532227,27,136,12,,9,
混合方块 (1x1 + 2x2),17350,9,18,False,0.011643409729003906,-1,-1,0,no_solution,9,
混合方块 (1x1 + 2x2),76825,9,19,True,0.08061027526855469,29,155,12,,9,
混合方块 (1x1 + 2x2),24876,9,20,False,1.7109296321868896,-1,-1,226,no_solution,9,
混合方块 (1x1 + 2x2),28189,10,1,False,0.16277289390563965,-1,-1,12,no_solution,10,
混合方块 (1x1 + 2x2),75423,10,2,True,0.013004779815673828,19,94,0,,10,
混合方块 (1x1 + 2x2),2835,10,3,False,0.04902052879333496,-1,-1,2,no_solution,10,
混合方块 (1x1 + 2x2),26276,10,4,False,1.253812313079834,-1,-1,237,no_solution,10,
混合方块 (1x1 + 2x2),15815,10,5,False,0.017385244369506836,-1,-1,0,no_solution,10,
混合方块 (1x1 + 2x2),41524,10,6,False,0.02278280258178711,-1,-1,2,no_solution,10,
混合方块 (1x1 + 2x2),89639,10,7,True,0.06366229057312012,20,102,15,,10,
混合方块 (1x1 + 2x2),47165,10,8,True,0.01812434196472168,23,96,2,,10,
混合方块 (1x1 + 2x2),73478,10,9,False,4.176801681518555,-1,-1,257,no_solution,10,
混合方块 (1x1 + 2x2),58609,10,10,True,0.00844120979309082,17,94,0,,10,
混合方块 (1x1 + 2x2),2749,10,11,True,0.2046647071838379,27,137,35,,10,
混合方块 (1x1 + 2x2),4378,10,12,True,2.1707231998443604,26,151,271,,10,
混合方块 (1x1 + 2x2),73435,10,13,False,0.010266304016113281,-1,-1,0,no_solution,10,
混合方块 (1x1 + 2x2),44401,10,14,False,0.03549695014953613,-1,-1,5,no_solution,10,
混合方块 (1x1 + 2x2),8397,10,15,False,1.1726856231689453,-1,-1,165,no_solution,10,
混合方块 (1x1 + 2x2),61711,10,16,True,0.11492919921875,24,157,14,,10,
混合方块 (1x1 + 2x2),82043,10,17,True,0.2947690486907959,23,147,57,,10,
混合方块 (1x1 + 2x2),72595,10,18,False,0.020261764526367188,-1,-1,0,no_solution,10,
混合方块 (1x1 + 2x2),13618,10,19,False,0.023294925689697266,-1,-1,0,no_solution,10,
混合方块 (1x1 + 2x2),76147,10,20,False,0.029269695281982422,-1,-1,2,no_solution,10,
混合长条 (1x1 + 1x2 + 2x1),89540,4,1,False,0.04924821853637695,-1,-1,2,no_solution,4,
混合长条 (1x1 + 1x2 + 2x1),54327,4,2,False,0.006361246109008789,-1,-1,0,no_solution,4,
混合长条 (1x1 + 1x2 + 2x1),6723,4,3,True,0.009057283401489258,22,65,0,,4,
混合长条 (1x1 + 1x2 + 2x1),43213,4,4,False,0.11615753173828125,-1,-1,29,no_solution,4,
混合长条 (1x1 + 1x2 + 2x1),96495,4,5,True,0.08133888244628906,33,69,2,,4,
混合长条 (1x1 + 1x2 + 2x1),90033,4,6,True,0.19593024253845215,22,59,42,,4,
混合长条 (1x1 + 1x2 + 2x1),64741,4,7,True,0.007114887237548828,19,55,0,,4,
混合长条 (1x1 + 1x2 + 2x1),32809,4,8,True,0.04051709175109863,41,77,0,,4,
混合长条 (1x1 + 1x2 + 2x1),88332,4,9,True,0.013675689697265625,23,67,0,,4,
混合长条 (1x1 + 1x2 + 2x1),40451,4,10,True,0.007950544357299805,17,50,0,,4,
混合长条 (1x1 + 1x2 + 2x1),32106,4,11,True,0.018344640731811523,26,81,0,,4,
混合长条 (1x1 + 1x2 + 2x1),39669,4,12,True,0.07125377655029297,30,75,11,,4,
混合长条 (1x1 + 1x2 + 2x1),6471,4,13,True,0.012521743774414062,23,59,2,,4,
混合长条 (1x1 + 1x2 + 2x1),85874,4,14,True,0.45238804817199707,50,85,7,,4,
混合长条 (1x1 + 1x2 + 2x1),79912,4,15,True,0.08410072326660156,30,67,4,,4,
混合长条 (1x1 + 1x2 + 2x1),99016,4,16,True,0.008507966995239258,17,51,2,,4,
混合长条 (1x1 + 1x2 + 2x1),4680,4,17,True,0.011899709701538086,26,72,0,,4,
混合长条 (1x1 + 1x2 + 2x1),14401,4,18,True,0.3619568347930908,31,90,41,,4,
混合长条 (1x1 + 1x2 + 2x1),4309,4,19,True,0.020245075225830078,26,59,6,,4,
混合长条 (1x1 + 1x2 + 2x1),97870,4,20,True,0.06903338432312012,21,74,16,,4,
混合长条 (1x1 + 1x2 + 2x1),26867,5,1,True,0.013892173767089844,26,50,1,,5,
混合长条 (1x1 + 1x2 + 2x1),43265,5,2,True,0.02173018455505371,20,91,7,,5,
混合长条 (1x1 + 1x2 + 2x1),18940,5,3,True,0.005242347717285156,16,54,0,,5,
混合长条 (1x1 + 1x2 + 2x1),20559,5,4,True,0.006768703460693359,23,63,0,,5,
混合长条 (1x1 + 1x2 + 2x1),48609,5,5,False,0.008474588394165039,-1,-1,0,no_solution,5,
混合长条 (1x1 + 1x2 + 2x1),43728,5,6,True,0.012000083923339844,28,56,0,,5,
混合长条 (1x1 + 1x2 + 2x1),76955,5,7,True,0.008919954299926758,25,64,2,,5,
混合长条 (1x1 + 1x2 + 2x1),26709,5,8,True,0.01105046272277832,24,84,2,,5,
混合长条 (1x1 + 1x2 + 2x1),57711,5,9,True,0.009678125381469727,30,93,0,,5,
混合长条 (1x1 + 1x2 + 2x1),82559,5,10,False,0.0058553218841552734,-1,-1,0,no_solution,5,
混合长条 (1x1 + 1x2 + 2x1),87245,5,11,True,0.02581024169921875,22,70,8,,5,
混合长条 (1x1 + 1x2 + 2x1),84900,5,12,False,5.033265590667725,-1,-1,270,超时,5,
混合长条 (1x1 + 1x2 + 2x1),6308,5,13,True,0.014036417007446289,25,84,0,,5,
混合长条 (1x1 + 1x2 + 2x1),13573,5,14,False,0.1340792179107666,-1,-1,1,no_solution,5,
混合长条 (1x1 + 1x2 + 2x1),58158,5,15,True,0.18064475059509277,25,106,4,,5,
混合长条 (1x1 + 1x2 + 2x1),82744,5,16,True,0.05688142776489258,36,126,4,,5,
混合长条 (1x1 + 1x2 + 2x1),22865,5,17,True,0.0763711929321289,34,94,8,,5,
混合长条 (1x1 + 1x2 + 2x1),68917,5,18,False,0.4523460865020752,-1,-1,78,no_solution,5,
混合长条 (1x1 + 1x2 + 2x1),73331,5,19,True,0.03155922889709473,15,50,11,,5,
混合长条 (1x1 + 1x2 + 2x1),48533,5,20,True,0.020311594009399414,32,98,2,,5,
混合长条 (1x1 + 1x2 + 2x1),58442,6,1,False,0.03657245635986328,-1,-1,2,no_solution,6,
混合长条 (1x1 + 1x2 + 2x1),8267,6,2,True,0.349764347076416,23,78,19,,6,
混合长条 (1x1 + 1x2 + 2x1),60635,6,3,False,0.01574850082397461,-1,-1,0,no_solution,6,
混合长条 (1x1 + 1x2 + 2x1),93746,6,4,False,0.014071941375732422,-1,-1,0,no_solution,6,
混合长条 (1x1 + 1x2 + 2x1),23634,6,5,False,0.00963449478149414,-1,-1,0,no_solution,6,
混合长条 (1x1 + 1x2 + 2x1),14942,6,6,False,0.13227200508117676,-1,-1,8,no_solution,6,
混合长条 (1x1 + 1x2 + 2x1),45441,6,7,True,0.011343955993652344,23,80,0,,6,
混合长条 (1x1 + 1x2 + 2x1),15732,6,8,True,0.8932638168334961,29,106,39,,6,
混合长条 (1x1 + 1x2 + 2x1),97953,6,9,True,0.017885923385620117,32,120,0,,6,
混合长条 (1x1 + 1x2 + 2x1),3319,6,10,True,0.17441320419311523,21,104,18,,6,
混合长条 (1x1 + 1x2 + 2x1),34827,6,11,True,0.138993501663208,24,98,0,,6,
混合长条 (1x1 + 1x2 + 2x1),81527,6,12,True,0.33632373809814453,30,108,28,,6,
混合长条 (1x1 + 1x2 + 2x1),33132,6,13,True,0.036107778549194336,25,102,8,,6,
混合长条 (1x1 + 1x2 + 2x1),43295,6,14,True,1.5408921241760254,25,115,83,,6,
混合长条 (1x1 + 1x2 + 2x1),4680,6,15,True,0.01761007308959961,26,58,2,,6,
混合长条 (1x1 + 1x2 + 2x1),57311,6,16,False,5.176274061203003,-1,-1,177,超时,6,
混合长条 (1x1 + 1x2 + 2x1),20677,6,17,True,0.014968633651733398,25,71,0,,6,
混合长条 (1x1 + 1x2 + 2x1),93945,6,18,False,0.029662609100341797,-1,-1,1,no_solution,6,
混合长条 (1x1 + 1x2 + 2x1),80349,6,19,False,2.481537342071533,-1,-1,131,no_solution,6,
混合长条 (1x1 + 1x2 + 2x1),46266,6,20,True,0.008336782455444336,16,67,0,,6,
混合长条 (1x1 + 1x2 + 2x1),16944,7,1,True,0.007961273193359375,19,74,0,,7,
混合长条 (1x1 + 1x2 + 2x1),67373,7,2,False,0.017224788665771484,-1,-1,0,no_solution,7,
混合长条 (1x1 + 1x2 + 2x1),43378,7,3,False,0.02897191047668457,-1,-1,0,no_solution,7,
混合长条 (1x1 + 1x2 + 2x1),42688,7,4,True,0.014687776565551758,20,95,0,,7,
混合长条 (1x1 + 1x2 + 2x1),47148,7,5,True,4.44933295249939,28,129,174,,7,
混合长条 (1x1 + 1x2 + 2x1),39676,7,6,False,0.32972097396850586,-1,-1,13,no_solution,7,
混合长条 (1x1 + 1x2 + 2x1),97007,7,7,False,0.052538156509399414,-1,-1,0,no_solution,7,
混合长条 (1x1 + 1x2 + 2x1),40051,7,8,True,0.76450514793396,20,86,34,,7,
混合长条 (1x1 + 1x2 + 2x1),77838,7,9,True,0.03371167182922363,19,71,2,,7,
混合长条 (1x1 + 1x2 + 2x1),92106,7,10,True,0.554861307144165,32,135,29,,7,
混合长条 (1x1 + 1x2 + 2x1),25556,7,11,True,0.054975271224975586,26,101,6,,7,
混合长条 (1x1 + 1x2 + 2x1),49400,7,12,True,0.18662357330322266,28,130,16,,7,
混合长条 (1x1 + 1x2 + 2x1),66604,7,13,False,0.026793241500854492,-1,-1,0,no_solution,7,
混合长条 (1x1 + 1x2 + 2x1),45718,7,14,True,0.036379098892211914,18,94,1,,7,
混合长条 (1x1 + 1x2 + 2x1),89052,7,15,False,0.058379173278808594,-1,-1,0,no_solution,7,
混合长条 (1x1 + 1x2 + 2x1),62402,7,16,False,0.036151885986328125,-1,-1,0,no_solution,7,
混合长条 (1x1 + 1x2 + 2x1),68163,7,17,False,1.8945727348327637,-1,-1,44,no_solution,7,
混合长条 (1x1 + 1x2 + 2x1),1477,7,18,True,0.49622249603271484,41,137,26,,7,
混合长条 (1x1 + 1x2 + 2x1),94129,7,19,True,0.23994112014770508,35,125,20,,7,
混合长条 (1x1 + 1x2 + 2x1),39916,7,20,True,0.12320590019226074,27,112,6,,7,
混合长条 (1x1 + 1x2 + 2x1),57392,8,1,False,2.3721518516540527,-1,-1,75,no_solution,8,
混合长条 (1x1 + 1x2 + 2x1),63,8,2,False,2.3941776752471924,-1,-1,97,no_solution,8,
混合长条 (1x1 + 1x2 + 2x1),70091,8,3,False,0.04313945770263672,-1,-1,0,no_solution,8,
混合长条 (1x1 + 1x2 + 2x1),81237,8,4,False,0.028795242309570312,-1,-1,0,no_solution,8,
混合长条 (1x1 + 1x2 + 2x1),91700,8,5,False,0.04247736930847168,-1,-1,2,no_solution,8,
混合长条 (1x1 + 1x2 + 2x1),98549,8,6,False,0.036080121994018555,-1,-1,4,no_solution,8,
混合长条 (1x1 + 1x2 + 2x1),42687,8,7,False,0.2600734233856201,-1,-1,0,no_solution,8,
混合长条 (1x1 + 1x2 + 2x1),18245,8,8,True,0.057822465896606445,23,82,0,,8,
混合长条 (1x1 + 1x2 + 2x1),51658,8,9,True,1.2148377895355225,26,124,74,,8,
混合长条 (1x1 + 1x2 + 2x1),35448,8,10,False,0.03483462333679199,-1,-1,1,no_solution,8,
混合长条 (1x1 + 1x2 + 2x1),83720,8,11,False,0.03402113914489746,-1,-1,2,no_solution,8,
混合长条 (1x1 + 1x2 + 2x1),52400,8,12,True,0.32924365997314453,20,85,33,,8,
混合长条 (1x1 + 1x2 + 2x1),55364,8,13,False,0.038196563720703125,-1,-1,0,no_solution,8,
混合长条 (1x1 + 1x2 + 2x1),5097,8,14,True,0.06553292274475098,25,109,6,,8,
混合长条 (1x1 + 1x2 + 2x1),88198,8,15,False,2.862142562866211,-1,-1,122,no_solution,8,
混合长条 (1x1 + 1x2 + 2x1),96562,8,16,True,0.06766390800476074,30,129,6,,8,
混合长条 (1x1 + 1x2 + 2x1),23205,8,17,True,1.525460958480835,19,92,40,,8,
混合长条 (1x1 + 1x2 + 2x1),49659,8,18,False,0.1548748016357422,-1,-1,3,no_solution,8,
混合长条 (1x1 + 1x2 + 2x1),32527,8,19,True,0.6507196426391602,19,102,58,,8,
混合长条 (1x1 + 1x2 + 2x1),58176,8,20,True,0.06135153770446777,29,133,6,,8,
混合长条 (1x1 + 1x2 + 2x1),17339,9,1,False,0.15868568420410156,-1,-1,0,no_solution,9,
混合长条 (1x1 + 1x2 + 2x1),43298,9,2,False,0.07464122772216797,-1,-1,8,no_solution,9,
混合长条 (1x1 + 1x2 + 2x1),8638,9,3,False,0.06827211380004883,-1,-1,2,no_solution,9,
混合长条 (1x1 + 1x2 + 2x1),79956,9,4,True,0.04617619514465332,22,113,2,,9,
混合长条 (1x1 + 1x2 + 2x1),38354,9,5,True,0.18226218223571777,23,114,11,,9,
混合长条 (1x1 + 1x2 + 2x1),33365,9,6,False,0.02746129035949707,-1,-1,2,no_solution,9,
混合长条 (1x1 + 1x2 + 2x1),30041,9,7,False,0.035336971282958984,-1,-1,2,no_solution,9,
混合长条 (1x1 + 1x2 + 2x1),16445,9,8,True,0.019289493560791016,21,107,0,,9,
混合长条 (1x1 + 1x2 + 2x1),99920,9,9,False,5.015563726425171,-1,-1,178,超时,9,
混合长条 (1x1 + 1x2 + 2x1),46980,9,10,False,0.26315975189208984,-1,-1,5,no_solution,9,
混合长条 (1x1 + 1x2 + 2x1),50065,9,11,False,0.327725887298584,-1,-1,18,no_solution,9,
混合长条 (1x1 + 1x2 + 2x1),48478,9,12,False,5.055391311645508,-1,-1,187,超时,9,
混合长条 (1x1 + 1x2 + 2x1),94603,9,13,False,0.8458695411682129,-1,-1,13,no_solution,9,
混合长条 (1x1 + 1x2 + 2x1),19813,9,14,True,1.3257205486297607,30,164,90,,9,
混合长条 (1x1 + 1x2 + 2x1),32987,9,15,False,5.090024948120117,-1,-1,145,超时,9,
混合长条 (1x1 + 1x2 + 2x1),39195,9,16,False,4.988953590393066,-1,-1,250,no_solution,9,
混合长条 (1x1 + 1x2 + 2x1),45419,9,17,True,0.13910865783691406,43,141,3,,9,
混合长条 (1x1 + 1x2 + 2x1),17453,9,18,False,0.025276660919189453,-1,-1,0,no_solution,9,
混合长条 (1x1 + 1x2 + 2x1),29430,9,19,True,0.36638879776000977,37,157,31,,9,
混合长条 (1x1 + 1x2 + 2x1),26394,9,20,False,0.08431315422058105,-1,-1,3,no_solution,9,
混合长条 (1x1 + 1x2 + 2x1),40473,10,1,False,0.02389073371887207,-1,-1,0,no_solution,10,
混合长条 (1x1 + 1x2 + 2x1),78266,10,2,True,1.143911600112915,33,188,27,,10,
混合长条 (1x1 + 1x2 + 2x1),3873,10,3,True,1.5647900104522705,25,142,95,,10,
混合长条 (1x1 + 1x2 + 2x1),57929,10,4,False,1.6210405826568604,-1,-1,80,no_solution,10,
混合长条 (1x1 + 1x2 + 2x1),21939,10,5,True,0.4910566806793213,24,141,19,,10,
混合长条 (1x1 + 1x2 + 2x1),15022,10,6,False,0.12340664863586426,-1,-1,0,no_solution,10,
混合长条 (1x1 + 1x2 + 2x1),56235,10,7,False,0.05974102020263672,-1,-1,2,no_solution,10,
混合长条 (1x1 + 1x2 + 2x1),31314,10,8,True,4.881901264190674,34,158,276,,10,
混合长条 (1x1 + 1x2 + 2x1),54086,10,9,True,2.918365478515625,20,138,197,,10,
混合长条 (1x1 + 1x2 + 2x1),82259,10,10,False,0.13716793060302734,-1,-1,0,no_solution,10,
混合长条 (1x1 + 1x2 + 2x1),56944,10,11,False,0.5688979625701904,-1,-1,0,no_solution,10,
混合长条 (1x1 + 1x2 + 2x1),97745,10,12,True,0.7488107681274414,23,145,61,,10,
混合长条 (1x1 + 1x2 + 2x1),40208,10,13,False,0.12922120094299316,-1,-1,2,no_solution,10,
混合长条 (1x1 + 1x2 + 2x1),33992,10,14,False,0.2836570739746094,-1,-1,36,no_solution,10,
混合长条 (1x1 + 1x2 + 2x1),6688,10,15,True,1.5705904960632324,31,171,48,,10,
混合长条 (1x1 + 1x2 + 2x1),9073,10,16,True,0.7230539321899414,34,170,26,,10,
混合长条 (1x1 + 1x2 + 2x1),37437,10,17,False,0.038262367248535156,-1,-1,2,no_solution,10,
混合长条 (1x1 + 1x2 + 2x1),91599,10,18,False,0.02933192253112793,-1,-1,2,no_solution,10,
混合长条 (1x1 + 1x2 + 2x1),44481,10,19,True,1.4071507453918457,30,152,106,,10,
混合长条 (1x1 + 1x2 + 2x1),13335,10,20,False,0.45741748809814453,-1,-1,12,no_solution,10,
复杂异构 (1x1 + 2x2 + 3x1),36331,4,1,True,0.008980274200439453,20,55,0,,4,
复杂异构 (1x1 + 2x2 + 3x1),28989,4,2,True,0.0076334476470947266,22,42,0,,4,
复杂异构 (1x1 + 2x2 + 3x1),22881,4,3,True,0.005020618438720703,12,33,0,,4,
复杂异构 (1x1 + 2x2 + 3x1),90842,4,4,False,0.02167654037475586,-1,-1,0,no_solution,4,
复杂异构 (1x1 + 2x2 + 3x1),43162,4,5,True,0.011548519134521484,23,59,1,,4,
复杂异构 (1x1 + 2x2 + 3x1),17052,4,6,False,0.006269693374633789,-1,-1,0,no_solution,4,
复杂异构 (1x1 + 2x2 + 3x1),15534,4,7,True,0.010926961898803711,20,65,0,,4,
复杂异构 (1x1 + 2x2 + 3x1),84125,4,8,True,0.0042552947998046875,14,24,0,,4,
复杂异构 (1x1 + 2x2 + 3x1),51217,4,9,True,0.01104879379272461,30,62,0,,4,
复杂异构 (1x1 + 2x2 + 3x1),8219,4,10,True,0.006414890289306641,14,41,0,,4,
复杂异构 (1x1 + 2x2 + 3x1),62432,4,11,True,0.22394800186157227,23,69,46,,4,
复杂异构 (1x1 + 2x2 + 3x1),30552,4,12,True,0.018642663955688477,24,53,0,,4,
复杂异构 (1x1 + 2x2 + 3x1),15984,4,13,True,0.09570550918579102,21,71,6,,4,
复杂异构 (1x1 + 2x2 + 3x1),24102,4,14,True,0.026296138763427734,28,61,0,,4,
复杂异构 (1x1 + 2x2 + 3x1),2108,4,15,True,0.005938529968261719,12,24,0,,4,
复杂异构 (1x1 + 2x2 + 3x1),7095,4,16,True,0.007727384567260742,15,42,0,,4,
复杂异构 (1x1 + 2x2 + 3x1),61920,4,17,True,0.03368330001831055,28,72,2,,4,
复杂异构 (1x1 + 2x2 + 3x1),79365,4,18,True,0.13211607933044434,16,41,1,,4,
复杂异构 (1x1 + 2x2 + 3x1),60999,4,19,True,0.3920712471008301,35,94,9,,4,
复杂异构 (1x1 + 2x2 + 3x1),23098,4,20,True,0.01121377944946289,22,51,0,,4,
复杂异构 (1x1 + 2x2 + 3x1),99440,5,1,False,0.0308380126953125,-1,-1,2,no_solution,5,
复杂异构 (1x1 + 2x2 + 3x1),82577,5,2,False,0.006522178649902344,-1,-1,0,no_solution,5,
复杂异构 (1x1 + 2x2 + 3x1),93728,5,3,False,0.010313749313354492,-1,-1,0,no_solution,5,
复杂异构 (1x1 + 2x2 + 3x1),51936,5,4,True,0.981137752532959,19,49,113,,5,
复杂异构 (1x1 + 2x2 + 3x1),79021,5,5,False,0.12806153297424316,-1,-1,0,no_solution,5,
复杂异构 (1x1 + 2x2 + 3x1),32492,5,6,True,0.006658077239990234,15,46,0,,5,
复杂异构 (1x1 + 2x2 + 3x1),67996,5,7,False,0.012243270874023438,-1,-1,0,no_solution,5,
复杂异构 (1x1 + 2x2 + 3x1),89011,5,8,True,0.5486395359039307,17,60,18,,5,
复杂异构 (1x1 + 2x2 + 3x1),48169,5,9,False,0.012848377227783203,-1,-1,0,no_solution,5,
复杂异构 (1x1 + 2x2 + 3x1),82513,5,10,False,0.1462242603302002,-1,-1,0,no_solution,5,
复杂异构 (1x1 + 2x2 + 3x1),73712,5,11,False,0.1540234088897705,-1,-1,0,no_solution,5,
复杂异构 (1x1 + 2x2 + 3x1),72437,5,12,True,2.954068660736084,19,63,296,,5,
复杂异构 (1x1 + 2x2 + 3x1),31815,5,13,False,0.008758544921875,-1,-1,0,no_solution,5,
复杂异构 (1x1 + 2x2 + 3x1),4321,5,14,True,0.00907444953918457,21,53,0,,5,
复杂异构 (1x1 + 2x2 + 3x1),53951,5,15,True,0.021097898483276367,29,58,2,,5,
复杂异构 (1x1 + 2x2 + 3x1),37907,5,16,False,5.015775203704834,-1,-1,160,超时,5,
复杂异构 (1x1 + 2x2 + 3x1),11237,5,17,True,0.0076715946197509766,13,33,0,,5,
复杂异构 (1x1 + 2x2 + 3x1),19661,5,18,True,0.011264801025390625,14,46,0,,5,
复杂异构 (1x1 + 2x2 + 3x1),86143,5,19,True,0.014024734497070312,20,47,0,,5,
复杂异构 (1x1 + 2x2 + 3x1),97320,5,20,False,0.01899552345275879,-1,-1,0,no_solution,5,
复杂异构 (1x1 + 2x2 + 3x1),1533,6,1,True,0.04293632507324219,25,102,2,,6,
复杂异构 (1x1 + 2x2 + 3x1),21350,6,2,True,1.2019836902618408,19,73,166,,6,
复杂异构 (1x1 + 2x2 + 3x1),37396,6,3,False,0.022719860076904297,-1,-1,0,no_solution,6,
复杂异构 (1x1 + 2x2 + 3x1),65346,6,4,False,0.010760068893432617,-1,-1,0,no_solution,6,
复杂异构 (1x1 + 2x2 + 3x1),66578,6,5,True,2.3190903663635254,24,89,190,,6,
复杂异构 (1x1 + 2x2 + 3x1),91817,6,6,False,0.011765241622924805,-1,-1,0,no_solution,6,
复杂异构 (1x1 + 2x2 + 3x1),31043,6,7,False,0.012728691101074219,-1,-1,0,no_solution,6,
复杂异构 (1x1 + 2x2 + 3x1),54422,6,8,False,0.03638505935668945,-1,-1,0,no_solution,6,
复杂异构 (1x1 + 2x2 + 3x1),50316,6,9,True,0.9359779357910156,26,112,103,,6,
复杂异构 (1x1 + 2x2 + 3x1),29511,6,10,False,0.015525579452514648,-1,-1,0,no_solution,6,
复杂异构 (1x1 + 2x2 + 3x1),82568,6,11,False,5.10041069984436,-1,-1,180,超时,6,
复杂异构 (1x1 + 2x2 + 3x1),28367,6,12,False,5.264826536178589,-1,-1,179,超时,6,
复杂异构 (1x1 + 2x2 + 3x1),51351,6,13,False,0.12480592727661133,-1,-1,0,no_solution,6,
复杂异构 (1x1 + 2x2 + 3x1),43414,6,14,False,0.038469552993774414,-1,-1,2,no_solution,6,
复杂异构 (1x1 + 2x2 + 3x1),64088,6,15,True,0.00932168960571289,14,36,0,,6,
复杂异构 (1x1 + 2x2 + 3x1),59449,6,16,True,0.08650040626525879,22,80,15,,6,
复杂异构 (1x1 + 2x2 + 3x1),38536,6,17,True,0.00946950912475586,16,43,0,,6,
复杂异构 (1x1 + 2x2 + 3x1),26440,6,18,True,0.25226855278015137,28,98,0,,6,
复杂异构 (1x1 + 2x2 + 3x1),42645,6,19,False,0.04496145248413086,-1,-1,2,no_solution,6,
复杂异构 (1x1 + 2x2 + 3x1),33685,6,20,False,5.134268760681152,-1,-1,188,超时,6,
复杂异构 (1x1 + 2x2 + 3x1),2132,7,1,False,5.015996217727661,-1,-1,167,超时,7,
复杂异构 (1x1 + 2x2 + 3x1),53985,7,2,True,1.175471305847168,16,62,80,,7,
复杂异构 (1x1 + 2x2 + 3x1),34261,7,3,False,5.009424209594727,-1,-1,285,超时,7,
复杂异构 (1x1 + 2x2 + 3x1),3938,7,4,False,5.005133152008057,-1,-1,248,超时,7,
复杂异构 (1x1 + 2x2 + 3x1),28322,7,5,True,0.020601511001586914,21,86,2,,7,
复杂异构 (1x1 + 2x2 + 3x1),1464,7,6,False,0.33791327476501465,-1,-1,31,no_solution,7,
复杂异构 (1x1 + 2x2 + 3x1),91621,7,7,False,5.020879507064819,-1,-1,292,超时,7,
复杂异构 (1x1 + 2x2 + 3x1),38736,7,8,False,0.014305830001831055,-1,-1,0,no_solution,7,
复杂异构 (1x1 + 2x2 + 3x1),79303,7,9,False,0.7211971282958984,-1,-1,42,no_solution,7,
复杂异构 (1x1 + 2x2 + 3x1),24566,7,10,False,0.01422572135925293,-1,-1,0,no_solution,7,
复杂异构 (1x1 + 2x2 + 3x1),45444,7,11,False,0.3986320495605469,-1,-1,15,no_solution,7,
复杂异构 (1x1 + 2x2 + 3x1),34286,7,12,True,1.4146361351013184,32,118,107,,7,
复杂异构 (1x1 + 2x2 + 3x1),88639,7,13,False,0.07969999313354492,-1,-1,6,no_solution,7,
复杂异构 (1x1 + 2x2 + 3x1),74605,7,14,False,0.03379464149475098,-1,-1,0,no_solution,7,
复杂异构 (1x1 + 2x2 + 3x1),80157,7,15,True,0.47530436515808105,19,74,18,,7,
复杂异构 (1x1 + 2x2 + 3x1),97560,7,16,False,0.01983165740966797,-1,-1,0,no_solution,7,
复杂异构 (1x1 + 2x2 + 3x1),3069,7,17,False,0.02005791664123535,-1,-1,0,no_solution,7,
复杂异构 (1x1 + 2x2 + 3x1),75295,7,18,False,0.013232946395874023,-1,-1,1,no_solution,7,
复杂异构 (1x1 + 2x2 + 3x1),31500,7,19,False,0.012359619140625,-1,-1,0,no_solution,7,
复杂异构 (1x1 + 2x2 + 3x1),21226,7,20,True,0.019469738006591797,21,68,1,,7,
复杂异构 (1x1 + 2x2 + 3x1),9361,8,1,True,0.8869643211364746,30,108,30,,8,
复杂异构 (1x1 + 2x2 + 3x1),6628,8,2,False,0.02129817008972168,-1,-1,0,no_solution,8,
复杂异构 (1x1 + 2x2 + 3x1),26033,8,3,False,4.510145425796509,-1,-1,118,no_solution,8,
复杂异构 (1x1 + 2x2 + 3x1),46467,8,4,True,0.3743422031402588,26,90,14,,8,
复杂异构 (1x1 + 2x2 + 3x1),56104,8,5,False,5.013882160186768,-1,-1,299,超时,8,
复杂异构 (1x1 + 2x2 + 3x1),62337,8,6,False,4.042200326919556,-1,-1,149,no_solution,8,
复杂异构 (1x1 + 2x2 + 3x1),10771,8,7,True,0.21480417251586914,20,93,8,,8,
复杂异构 (1x1 + 2x2 + 3x1),54201,8,8,False,5.008739709854126,-1,-1,227,超时,8,
复杂异构 (1x1 + 2x2 + 3x1),97878,8,9,False,0.013131141662597656,-1,-1,0,no_solution,8,
复杂异构 (1x1 + 2x2 + 3x1),98096,8,10,True,0.8718833923339844,29,101,42,,8,
复杂异构 (1x1 + 2x2 + 3x1),63147,8,11,False,0.01341104507446289,-1,-1,0,no_solution,8,
复杂异构 (1x1 + 2x2 + 3x1),79042,8,12,False,0.02606487274169922,-1,-1,0,no_solution,8,
复杂异构 (1x1 + 2x2 + 3x1),15532,8,13,True,0.02797698974609375,21,82,6,,8,
复杂异构 (1x1 + 2x2 + 3x1),97944,8,14,False,0.06387996673583984,-1,-1,11,no_solution,8,
复杂异构 (1x1 + 2x2 + 3x1),36130,8,15,True,2.196878671646118,21,109,211,,8,
复杂异构 (1x1 + 2x2 + 3x1),59065,8,16,False,5.07739520072937,-1,-1,221,超时,8,
复杂异构 (1x1 + 2x2 + 3x1),99310,8,17,False,0.13968539237976074,-1,-1,0,no_solution,8,
复杂异构 (1x1 + 2x2 + 3x1),33629,8,18,False,0.024320363998413086,-1,-1,0,no_solution,8,
复杂异构 (1x1 + 2x2 + 3x1),12769,8,19,False,0.035733699798583984,-1,-1,0,no_solution,8,
复杂异构 (1x1 + 2x2 + 3x1),84797,8,20,False,0.02165699005126953,-1,-1,0,no_solution,8,
复杂异构 (1x1 + 2x2 + 3x1),84417,9,1,True,0.0223391056060791,23,112,0,,9,
复杂异构 (1x1 + 2x2 + 3x1),45395,9,2,False,0.026701688766479492,-1,-1,0,no_solution,9,
复杂异构 (1x1 + 2x2 + 3x1),88351,9,3,False,2.547424793243408,-1,-1,101,no_solution,9,
复杂异构 (1x1 + 2x2 + 3x1),94064,9,4,False,0.03749990463256836,-1,-1,2,no_solution,9,
复杂异构 (1x1 + 2x2 + 3x1),92055,9,5,False,0.26439428329467773,-1,-1,0,no_solution,9,
复杂异构 (1x1 + 2x2 + 3x1),4462,9,6,False,0.15666413307189941,-1,-1,2,no_solution,9,
复杂异构 (1x1 + 2x2 + 3x1),11823,9,7,True,1.4197237491607666,22,100,30,,9,
复杂异构 (1x1 + 2x2 + 3x1),93382,9,8,False,0.05962014198303223,-1,-1,0,no_solution,9,
复杂异构 (1x1 + 2x2 + 3x1),80361,9,9,False,0.031345367431640625,-1,-1,0,no_solution,9,
复杂异构 (1x1 + 2x2 + 3x1),5479,9,10,False,0.018917083740234375,-1,-1,0,no_solution,9,
复杂异构 (1x1 + 2x2 + 3x1),33778,9,11,False,0.021973133087158203,-1,-1,0,no_solution,9,
复杂异构 (1x1 + 2x2 + 3x1),38797,9,12,False,0.024881362915039062,-1,-1,0,no_solution,9,
复杂异构 (1x1 + 2x2 + 3x1),32003,9,13,False,0.02995753288269043,-1,-1,2,no_solution,9,
复杂异构 (1x1 + 2x2 + 3x1),38738,9,14,False,5.016191244125366,-1,-1,146,超时,9,
复杂异构 (1x1 + 2x2 + 3x1),59505,9,15,False,5.027335166931152,-1,-1,221,超时,9,
复杂异构 (1x1 + 2x2 + 3x1),24277,9,16,False,0.1444387435913086,-1,-1,0,no_solution,9,
复杂异构 (1x1 + 2x2 + 3x1),38084,9,17,False,5.077310800552368,-1,-1,160,超时,9,
复杂异构 (1x1 + 2x2 + 3x1),36235,9,18,False,0.4497203826904297,-1,-1,10,no_solution,9,
复杂异构 (1x1 + 2x2 + 3x1),941,9,19,False,5.011887788772583,-1,-1,285,超时,9,
复杂异构 (1x1 + 2x2 + 3x1),54845,9,20,False,5.056173324584961,-1,-1,186,超时,9,
复杂异构 (1x1 + 2x2 + 3x1),37172,10,1,False,0.045218467712402344,-1,-1,0,no_solution,10,
复杂异构 (1x1 + 2x2 + 3x1),19112,10,2,False,0.01736736297607422,-1,-1,0,no_solution,10,
复杂异构 (1x1 + 2x2 + 3x1),95872,10,3,False,0.390697717666626,-1,-1,12,no_solution,10,
复杂异构 (1x1 + 2x2 + 3x1),65180,10,4,False,0.04061484336853027,-1,-1,5,no_solution,10,
复杂异构 (1x1 + 2x2 + 3x1),62150,10,5,False,0.022526264190673828,-1,-1,0,no_solution,10,
复杂异构 (1x1 + 2x2 + 3x1),32838,10,6,False,4.621527433395386,-1,-1,298,no_solution,10,
复杂异构 (1x1 + 2x2 + 3x1),3405,10,7,False,0.2572624683380127,-1,-1,10,no_solution,10,
复杂异构 (1x1 + 2x2 + 3x1),93957,10,8,False,0.1195993423461914,-1,-1,10,no_solution,10,
复杂异构 (1x1 + 2x2 + 3x1),88470,10,9,False,0.9375853538513184,-1,-1,20,no_solution,10,
复杂异构 (1x1 + 2x2 + 3x1),8112,10,10,True,0.646686315536499,22,133,27,,10,
复杂异构 (1x1 + 2x2 + 3x1),51972,10,11,True,1.9391694068908691,23,115,52,,10,
复杂异构 (1x1 + 2x2 + 3x1),54841,10,12,False,0.03265810012817383,-1,-1,0,no_solution,10,
复杂异构 (1x1 + 2x2 + 3x1),51867,10,13,False,0.015396833419799805,-1,-1,0,no_solution,10,
复杂异构 (1x1 + 2x2 + 3x1),43959,10,14,False,3.5951545238494873,-1,-1,209,no_solution,10,
复杂异构 (1x1 + 2x2 + 3x1),65165,10,15,False,3.6258702278137207,-1,-1,129,no_solution,10,
复杂异构 (1x1 + 2x2 + 3x1),81498,10,16,False,0.18414592742919922,-1,-1,0,no_solution,10,
复杂异构 (1x1 + 2x2 + 3x1),55246,10,17,False,0.22985053062438965,-1,-1,0,no_solution,10,
复杂异构 (1x1 + 2x2 + 3x1),60828,10,18,False,5.091238021850586,-1,-1,162,超时,10,
复杂异构 (1x1 + 2x2 + 3x1),64770,10,19,False,5.04588770866394,-1,-1,145,超时,10,
复杂异构 (1x1 + 2x2 + 3x1),20250,10,20,False,0.2489774227142334,-1,-1,4,no_solution,10,
