scenario,n_agents,trial,seed,success,time_raw,time_effective,cost_total,cost_per_agent,makespan,nodes,error_reason,img_path
纯小车 (1x1),4,1,30318,True,0.012310028076171875,0.012310028076171875,47,11.75,16,2,,batch_performance_analysis\images\paths\纯小车_1x1_N4.png
纯小车 (1x1),4,2,26016,True,0.0041882991790771484,0.0041882991790771484,34,8.5,10,0,,
纯小车 (1x1),4,3,17627,True,0.07734060287475586,0.07734060287475586,55,13.75,22,20,,
纯小车 (1x1),4,4,54393,True,0.00661778450012207,0.00661778450012207,61,15.25,29,0,,
纯小车 (1x1),4,5,21423,True,0.01241755485534668,0.01241755485534668,57,14.25,22,3,,
纯小车 (1x1),4,6,11610,True,0.013559818267822266,0.013559818267822266,55,13.75,27,2,,
纯小车 (1x1),4,7,46294,True,0.005006551742553711,0.005006551742553711,82,20.5,33,0,,
纯小车 (1x1),4,8,59202,True,0.019045591354370117,0.019045591354370117,69,17.25,28,1,,
纯小车 (1x1),4,9,80454,True,0.012557744979858398,0.012557744979858398,54,13.5,21,4,,
纯小车 (1x1),4,10,82099,True,0.006484270095825195,0.006484270095825195,61,15.25,24,0,,
纯小车 (1x1),4,11,52426,True,0.004551887512207031,0.004551887512207031,47,11.75,15,0,,
纯小车 (1x1),4,12,65964,True,0.005067348480224609,0.005067348480224609,54,13.5,22,0,,
纯小车 (1x1),4,13,55104,True,0.00275421142578125,0.00275421142578125,39,9.75,16,0,,
纯小车 (1x1),4,14,55308,True,0.004013776779174805,0.004013776779174805,50,12.5,22,0,,
纯小车 (1x1),4,15,82514,True,0.015670061111450195,0.015670061111450195,71,17.75,24,4,,
纯小车 (1x1),4,16,72026,True,0.009137868881225586,0.009137868881225586,61,15.25,23,2,,
纯小车 (1x1),4,17,87414,True,0.004730224609375,0.004730224609375,51,12.75,22,0,,
纯小车 (1x1),4,18,79764,True,0.005856513977050781,0.005856513977050781,52,13.0,19,0,,
纯小车 (1x1),4,19,25426,True,0.4429762363433838,0.4429762363433838,79,19.75,31,30,,
纯小车 (1x1),4,20,18792,True,0.015161275863647461,0.015161275863647461,64,16.0,29,2,,
纯小车 (1x1),5,1,24373,True,0.004853963851928711,0.004853963851928711,63,12.6,20,0,,batch_performance_analysis\images\paths\纯小车_1x1_N5.png
纯小车 (1x1),5,2,69116,True,0.011368036270141602,0.011368036270141602,86,17.2,21,2,,
纯小车 (1x1),5,3,67656,True,0.004171848297119141,0.004171848297119141,63,12.6,21,0,,
纯小车 (1x1),5,4,60856,True,0.007590293884277344,0.007590293884277344,67,13.4,31,0,,
纯小车 (1x1),5,5,74295,True,0.005466938018798828,0.005466938018798828,45,9.0,16,2,,
纯小车 (1x1),5,6,96774,True,0.006150007247924805,0.006150007247924805,57,11.4,18,1,,
纯小车 (1x1),5,7,64985,True,0.0077550411224365234,0.0077550411224365234,85,17.0,33,0,,
纯小车 (1x1),5,8,88301,True,0.00557398796081543,0.00557398796081543,77,15.4,20,0,,
纯小车 (1x1),5,9,98005,True,0.0044705867767333984,0.0044705867767333984,69,13.8,20,0,,
纯小车 (1x1),5,10,71865,True,0.0053632259368896484,0.0053632259368896484,63,12.6,23,0,,
纯小车 (1x1),5,11,50101,True,0.008526325225830078,0.008526325225830078,79,15.8,22,0,,
纯小车 (1x1),5,12,47805,True,0.009959697723388672,0.009959697723388672,98,19.6,26,0,,
纯小车 (1x1),5,13,27420,True,0.008608102798461914,0.008608102798461914,58,11.6,18,0,,
纯小车 (1x1),5,14,14778,True,0.0659170150756836,0.0659170150756836,88,17.6,35,5,,
纯小车 (1x1),5,15,59158,True,0.005366802215576172,0.005366802215576172,64,12.8,24,0,,
纯小车 (1x1),5,16,70230,True,0.006169557571411133,0.006169557571411133,52,10.4,19,2,,
纯小车 (1x1),5,17,19329,True,0.06277894973754883,0.06277894973754883,87,17.4,23,18,,
纯小车 (1x1),5,18,79125,True,0.028604507446289062,0.028604507446289062,72,14.4,27,2,,
纯小车 (1x1),5,19,6129,True,0.15230464935302734,0.15230464935302734,54,10.8,19,52,,
纯小车 (1x1),5,20,41570,True,0.012993812561035156,0.012993812561035156,69,13.8,19,2,,
纯小车 (1x1),6,1,77620,True,0.15699315071105957,0.15699315071105957,96,16.0,23,43,,batch_performance_analysis\images\paths\纯小车_1x1_N6.png
纯小车 (1x1),6,2,62094,True,0.036174774169921875,0.036174774169921875,71,11.833333333333334,21,7,,
纯小车 (1x1),6,3,153,True,0.018770933151245117,0.018770933151245117,93,15.5,25,2,,
纯小车 (1x1),6,4,9027,True,0.012094974517822266,0.012094974517822266,90,15.0,23,1,,
纯小车 (1x1),6,5,2448,True,0.016794443130493164,0.016794443130493164,77,12.833333333333334,24,1,,
纯小车 (1x1),6,6,72862,True,0.020987987518310547,0.020987987518310547,102,17.0,30,4,,
纯小车 (1x1),6,7,93404,True,0.024219512939453125,0.024219512939453125,95,15.833333333333334,24,4,,
纯小车 (1x1),6,8,98620,True,0.19739937782287598,0.19739937782287598,92,15.333333333333334,29,55,,
纯小车 (1x1),6,9,37216,True,0.01027679443359375,0.01027679443359375,115,19.166666666666668,25,0,,
纯小车 (1x1),6,10,74791,True,0.01729273796081543,0.01729273796081543,98,16.333333333333332,24,4,,
纯小车 (1x1),6,11,55776,True,0.01783275604248047,0.01783275604248047,109,18.166666666666668,28,3,,
纯小车 (1x1),6,12,90435,True,0.00882577896118164,0.00882577896118164,92,15.333333333333334,26,0,,
纯小车 (1x1),6,13,63710,True,0.021370649337768555,0.021370649337768555,93,15.5,21,4,,
纯小车 (1x1),6,14,59200,True,0.03097248077392578,0.03097248077392578,97,16.166666666666668,21,6,,
纯小车 (1x1),6,15,40527,True,0.016162633895874023,0.016162633895874023,88,14.666666666666666,23,2,,
纯小车 (1x1),6,16,67500,True,0.009260177612304688,0.009260177612304688,68,11.333333333333334,21,0,,
纯小车 (1x1),6,17,50036,True,0.015758037567138672,0.015758037567138672,68,11.333333333333334,24,3,,
纯小车 (1x1),6,18,60394,True,0.003935575485229492,0.003935575485229492,58,9.666666666666666,13,0,,
纯小车 (1x1),6,19,28125,True,0.025615215301513672,0.025615215301513672,95,15.833333333333334,26,4,,
纯小车 (1x1),6,20,39181,True,0.008783817291259766,0.008783817291259766,72,12.0,24,2,,
纯小车 (1x1),7,1,50092,True,0.03037571907043457,0.03037571907043457,106,15.142857142857142,28,6,,batch_performance_analysis\images\paths\纯小车_1x1_N7.png
纯小车 (1x1),7,2,69281,True,0.02007126808166504,0.02007126808166504,102,14.571428571428571,26,4,,
纯小车 (1x1),7,3,52559,True,0.02167034149169922,0.02167034149169922,135,19.285714285714285,28,3,,
纯小车 (1x1),7,4,26007,True,0.028297901153564453,0.028297901153564453,89,12.714285714285714,25,6,,
纯小车 (1x1),7,5,91087,True,0.032611846923828125,0.032611846923828125,122,17.428571428571427,28,6,,
纯小车 (1x1),7,6,90599,True,0.01614665985107422,0.01614665985107422,83,11.857142857142858,15,5,,
纯小车 (1x1),7,7,56424,True,0.04834151268005371,0.04834151268005371,132,18.857142857142858,31,11,,
纯小车 (1x1),7,8,52364,True,0.0387272834777832,0.0387272834777832,101,14.428571428571429,24,6,,
纯小车 (1x1),7,9,49682,True,0.010994195938110352,0.010994195938110352,107,15.285714285714286,26,0,,
纯小车 (1x1),7,10,98432,True,0.007787466049194336,0.007787466049194336,85,12.142857142857142,24,0,,
纯小车 (1x1),7,11,56105,True,0.01567697525024414,0.01567697525024414,109,15.571428571428571,25,2,,
纯小车 (1x1),7,12,38208,True,0.009885072708129883,0.009885072708129883,117,16.714285714285715,24,0,,
纯小车 (1x1),7,13,20314,True,0.010637283325195312,0.010637283325195312,89,12.714285714285714,20,2,,
纯小车 (1x1),7,14,57734,True,0.018628597259521484,0.018628597259521484,107,15.285714285714286,23,2,,
纯小车 (1x1),7,15,71734,True,0.016167402267456055,0.016167402267456055,80,11.428571428571429,18,3,,
纯小车 (1x1),7,16,37965,True,0.016422510147094727,0.016422510147094727,85,12.142857142857142,18,4,,
纯小车 (1x1),7,17,65692,True,0.03090977668762207,0.03090977668762207,125,17.857142857142858,33,4,,
纯小车 (1x1),7,18,23159,True,0.16615509986877441,0.16615509986877441,81,11.571428571428571,30,27,,
纯小车 (1x1),7,19,99459,True,0.015592098236083984,0.015592098236083984,83,11.857142857142858,17,6,,
纯小车 (1x1),7,20,97538,True,0.006150484085083008,0.006150484085083008,87,12.428571428571429,24,0,,
纯小车 (1x1),8,1,42489,True,0.30835413932800293,0.30835413932800293,136,17.0,26,57,,batch_performance_analysis\images\paths\纯小车_1x1_N8.png
纯小车 (1x1),8,2,41663,True,0.08794021606445312,0.08794021606445312,130,16.25,20,20,,
纯小车 (1x1),8,3,18284,True,0.03392386436462402,0.03392386436462402,109,13.625,27,6,,
纯小车 (1x1),8,4,3404,True,0.019974708557128906,0.019974708557128906,142,17.75,32,1,,
纯小车 (1x1),8,5,57660,True,0.03043079376220703,0.03043079376220703,123,15.375,31,4,,
纯小车 (1x1),8,6,24422,True,0.015828609466552734,0.015828609466552734,104,13.0,22,2,,
纯小车 (1x1),8,7,35819,True,0.007881641387939453,0.007881641387939453,108,13.5,26,0,,
纯小车 (1x1),8,8,19798,True,0.03320598602294922,0.03320598602294922,125,15.625,25,4,,
纯小车 (1x1),8,9,92138,True,0.008052587509155273,0.008052587509155273,91,11.375,22,0,,
纯小车 (1x1),8,10,8280,True,0.020282745361328125,0.020282745361328125,115,14.375,23,3,,
纯小车 (1x1),8,11,88519,True,0.027546167373657227,0.027546167373657227,125,15.625,26,4,,
纯小车 (1x1),8,12,27757,True,0.1261579990386963,0.1261579990386963,127,15.875,35,26,,
纯小车 (1x1),8,13,83459,True,0.01694011688232422,0.01694011688232422,125,15.625,24,2,,
纯小车 (1x1),8,14,68625,True,0.02958822250366211,0.02958822250366211,112,14.0,26,6,,
纯小车 (1x1),8,15,94229,True,0.02877664566040039,0.02877664566040039,81,10.125,16,7,,
纯小车 (1x1),8,16,88158,True,0.027237653732299805,0.027237653732299805,112,14.0,23,5,,
纯小车 (1x1),8,17,33492,True,0.011258602142333984,0.011258602142333984,78,9.75,16,2,,
纯小车 (1x1),8,18,12498,True,0.027253150939941406,0.027253150939941406,126,15.75,22,4,,
纯小车 (1x1),8,19,24796,True,0.06223893165588379,0.06223893165588379,105,13.125,22,19,,
纯小车 (1x1),8,20,4624,True,0.03882622718811035,0.03882622718811035,95,11.875,20,6,,
纯小车 (1x1),9,1,97931,True,0.06140732765197754,0.06140732765197754,142,15.777777777777779,29,9,,batch_performance_analysis\images\paths\纯小车_1x1_N9.png
纯小车 (1x1),9,2,62511,True,0.019313812255859375,0.019313812255859375,122,13.555555555555555,25,3,,
纯小车 (1x1),9,3,54941,True,0.12300252914428711,0.12300252914428711,141,15.666666666666666,27,17,,
纯小车 (1x1),9,4,37781,True,0.056011199951171875,0.056011199951171875,179,19.88888888888889,32,7,,
纯小车 (1x1),9,5,3528,True,0.04034018516540527,0.04034018516540527,134,14.88888888888889,26,9,,
纯小车 (1x1),9,6,1402,True,0.02116250991821289,0.02116250991821289,100,11.11111111111111,26,4,,
纯小车 (1x1),9,7,10287,True,0.0678107738494873,0.0678107738494873,136,15.11111111111111,27,9,,
纯小车 (1x1),9,8,95211,True,0.027333974838256836,0.027333974838256836,134,14.88888888888889,30,4,,
纯小车 (1x1),9,9,88259,True,0.10086417198181152,0.10086417198181152,130,14.444444444444445,26,22,,
纯小车 (1x1),9,10,54073,True,0.023706674575805664,0.023706674575805664,109,12.11111111111111,27,4,,
纯小车 (1x1),9,11,23287,True,0.019311904907226562,0.019311904907226562,77,8.555555555555555,15,6,,
纯小车 (1x1),9,12,87899,True,0.06282734870910645,0.06282734870910645,140,15.555555555555555,30,12,,
纯小车 (1x1),9,13,85521,True,0.05541539192199707,0.05541539192199707,102,11.333333333333334,18,2,,
纯小车 (1x1),9,14,50140,True,0.024861574172973633,0.024861574172973633,102,11.333333333333334,23,2,,
纯小车 (1x1),9,15,39412,True,0.3716273307800293,0.3716273307800293,105,11.666666666666666,23,70,,
纯小车 (1x1),9,16,26084,True,0.03834700584411621,0.03834700584411621,161,17.88888888888889,33,6,,
纯小车 (1x1),9,17,54730,True,0.012836694717407227,0.012836694717407227,135,15.0,22,0,,
纯小车 (1x1),9,18,73783,True,0.009934663772583008,0.009934663772583008,117,13.0,29,0,,
纯小车 (1x1),9,19,53952,True,0.36009931564331055,0.36009931564331055,115,12.777777777777779,26,71,,
纯小车 (1x1),9,20,14226,True,4.760777235031128,4.760777235031128,168,18.666666666666668,32,487,,
纯小车 (1x1),10,1,96451,True,0.08287572860717773,0.08287572860717773,199,19.9,37,4,,batch_performance_analysis\images\paths\纯小车_1x1_N10.png
纯小车 (1x1),10,2,69380,True,0.04162931442260742,0.04162931442260742,160,16.0,35,4,,
纯小车 (1x1),10,3,9753,True,0.04168105125427246,0.04168105125427246,163,16.3,24,6,,
纯小车 (1x1),10,4,24215,True,0.6409912109375,0.6409912109375,172,17.2,34,92,,
纯小车 (1x1),10,5,19083,True,0.029379844665527344,0.029379844665527344,129,12.9,20,4,,
纯小车 (1x1),10,6,94132,True,0.043430328369140625,0.043430328369140625,158,15.8,23,5,,
纯小车 (1x1),10,7,73150,False,0.025297164916992188,5.0,-1,-1,-1,0,NoSolution,
纯小车 (1x1),10,8,26100,True,0.14824724197387695,0.14824724197387695,105,10.5,32,17,,
纯小车 (1x1),10,9,28301,True,0.053114891052246094,0.053114891052246094,116,11.6,29,8,,
纯小车 (1x1),10,10,64489,False,0.02550363540649414,5.0,-1,-1,-1,0,NoSolution,
纯小车 (1x1),10,11,48862,True,0.0950465202331543,0.0950465202331543,159,15.9,30,7,,
纯小车 (1x1),10,12,17492,True,0.0707864761352539,0.0707864761352539,168,16.8,27,6,,
纯小车 (1x1),10,13,24094,True,0.024103164672851562,0.024103164672851562,114,11.4,24,2,,
纯小车 (1x1),10,14,5120,True,0.1164088249206543,0.1164088249206543,172,17.2,30,14,,
纯小车 (1x1),10,15,83845,True,0.07897067070007324,0.07897067070007324,132,13.2,28,11,,
纯小车 (1x1),10,16,14707,True,0.017663240432739258,0.017663240432739258,131,13.1,24,3,,
纯小车 (1x1),10,17,43779,True,0.05073356628417969,0.05073356628417969,149,14.9,25,10,,
纯小车 (1x1),10,18,17538,True,0.03859758377075195,0.03859758377075195,136,13.6,21,7,,
纯小车 (1x1),10,19,42349,True,0.09092330932617188,0.09092330932617188,157,15.7,24,14,,
纯小车 (1x1),10,20,44993,True,0.32970190048217773,0.32970190048217773,132,13.2,18,76,,
混合方块 (1x1+2x2),4,1,40230,True,0.011564016342163086,0.011564016342163086,51,12.75,18,0,,batch_performance_analysis\images\paths\混合方块_1x1+2x2_N4.png
混合方块 (1x1+2x2),4,2,76643,False,0.006680727005004883,5.0,-1,-1,-1,0,NoSolution,
混合方块 (1x1+2x2),4,3,34401,True,0.010434150695800781,0.010434150695800781,66,16.5,27,0,,
混合方块 (1x1+2x2),4,4,95399,True,0.006981372833251953,0.006981372833251953,42,10.5,20,0,,
混合方块 (1x1+2x2),4,5,39749,True,0.0076711177825927734,0.0076711177825927734,46,11.5,18,0,,
混合方块 (1x1+2x2),4,6,2595,True,0.008824586868286133,0.008824586868286133,52,13.0,18,0,,
混合方块 (1x1+2x2),4,7,38445,True,0.008049964904785156,0.008049964904785156,58,14.5,24,0,,
混合方块 (1x1+2x2),4,8,19134,True,0.010745048522949219,0.010745048522949219,48,12.0,26,2,,
混合方块 (1x1+2x2),4,9,78583,True,0.00482630729675293,0.00482630729675293,42,10.5,16,0,,
混合方块 (1x1+2x2),4,10,37745,True,0.007132053375244141,0.007132053375244141,53,13.25,22,0,,
混合方块 (1x1+2x2),4,11,96226,True,0.028592586517333984,0.028592586517333984,67,16.75,24,6,,
混合方块 (1x1+2x2),4,12,74233,False,0.005794048309326172,5.0,-1,-1,-1,0,NoSolution,
混合方块 (1x1+2x2),4,13,58527,False,0.0047342777252197266,5.0,-1,-1,-1,0,NoSolution,
混合方块 (1x1+2x2),4,14,8859,True,0.007474422454833984,0.007474422454833984,57,14.25,24,0,,
混合方块 (1x1+2x2),4,15,89831,True,0.029445648193359375,0.029445648193359375,48,12.0,20,12,,
混合方块 (1x1+2x2),4,16,92857,False,0.01902914047241211,5.0,-1,-1,-1,0,NoSolution,
混合方块 (1x1+2x2),4,17,94173,True,0.045519113540649414,0.045519113540649414,53,13.25,21,16,,
混合方块 (1x1+2x2),4,18,94406,True,0.01071476936340332,0.01071476936340332,69,17.25,25,0,,
混合方块 (1x1+2x2),4,19,75557,True,0.005767822265625,0.005767822265625,30,7.5,12,0,,
混合方块 (1x1+2x2),4,20,11319,True,0.01305842399597168,0.01305842399597168,48,12.0,15,4,,
混合方块 (1x1+2x2),5,1,93519,True,0.13862156867980957,0.13862156867980957,65,13.0,18,16,,batch_performance_analysis\images\paths\混合方块_1x1+2x2_N5.png
混合方块 (1x1+2x2),5,2,2717,True,0.026055574417114258,0.026055574417114258,65,13.0,19,8,,
混合方块 (1x1+2x2),5,3,97579,True,0.012101173400878906,0.012101173400878906,66,13.2,18,2,,
混合方块 (1x1+2x2),5,4,47032,True,0.022572040557861328,0.022572040557861328,88,17.6,30,3,,
混合方块 (1x1+2x2),5,5,75141,True,0.005452156066894531,0.005452156066894531,41,8.2,16,0,,
混合方块 (1x1+2x2),5,6,77962,True,0.008286714553833008,0.008286714553833008,46,9.2,20,0,,
混合方块 (1x1+2x2),5,7,99274,True,0.0058689117431640625,0.0058689117431640625,57,11.4,17,0,,
混合方块 (1x1+2x2),5,8,305,False,5.012450933456421,5.0,-1,-1,-1,252,Timeout,
混合方块 (1x1+2x2),5,9,25587,False,0.07284784317016602,5.0,-1,-1,-1,2,NoSolution,
混合方块 (1x1+2x2),5,10,92513,True,0.013325214385986328,0.013325214385986328,64,12.8,27,0,,
混合方块 (1x1+2x2),5,11,71020,True,0.01133584976196289,0.01133584976196289,80,16.0,25,1,,
混合方块 (1x1+2x2),5,12,16389,False,0.013484954833984375,5.0,-1,-1,-1,0,NoSolution,
混合方块 (1x1+2x2),5,13,97259,True,0.009818077087402344,0.009818077087402344,77,15.4,23,1,,
混合方块 (1x1+2x2),5,14,54700,True,0.004738330841064453,0.004738330841064453,54,10.8,20,0,,
混合方块 (1x1+2x2),5,15,7460,False,0.012215852737426758,5.0,-1,-1,-1,1,NoSolution,
混合方块 (1x1+2x2),5,16,69191,True,0.08298969268798828,0.08298969268798828,66,13.2,19,26,,
混合方块 (1x1+2x2),5,17,31576,True,0.020754337310791016,0.020754337310791016,55,11.0,18,2,,
混合方块 (1x1+2x2),5,18,6806,True,0.009610652923583984,0.009610652923583984,60,12.0,24,0,,
混合方块 (1x1+2x2),5,19,20231,True,0.012533187866210938,0.012533187866210938,74,14.8,28,0,,
混合方块 (1x1+2x2),5,20,88502,True,0.00842595100402832,0.00842595100402832,56,11.2,17,0,,
混合方块 (1x1+2x2),6,1,6950,False,0.011100292205810547,5.0,-1,-1,-1,0,NoSolution,
混合方块 (1x1+2x2),6,2,86537,True,0.10332846641540527,0.10332846641540527,72,12.0,18,29,,
混合方块 (1x1+2x2),6,3,58293,True,0.04888606071472168,0.04888606071472168,57,9.5,16,14,,
混合方块 (1x1+2x2),6,4,44346,True,0.7484984397888184,0.7484984397888184,87,14.5,22,156,,
混合方块 (1x1+2x2),6,5,57559,True,1.2076475620269775,1.2076475620269775,91,15.166666666666666,24,164,,
混合方块 (1x1+2x2),6,6,10403,False,0.014261245727539062,5.0,-1,-1,-1,1,NoSolution,
混合方块 (1x1+2x2),6,7,39790,False,0.010825634002685547,5.0,-1,-1,-1,0,NoSolution,
混合方块 (1x1+2x2),6,8,44004,True,0.014690637588500977,0.014690637588500977,52,8.666666666666666,24,0,,
混合方块 (1x1+2x2),6,9,42778,False,0.009199380874633789,5.0,-1,-1,-1,0,NoSolution,
混合方块 (1x1+2x2),6,10,98917,True,0.1629650592803955,0.1629650592803955,90,15.0,31,19,,
混合方块 (1x1+2x2),6,11,19907,True,0.04040837287902832,0.04040837287902832,71,11.833333333333334,20,7,,
混合方块 (1x1+2x2),6,12,69084,True,0.5545496940612793,0.5545496940612793,110,18.333333333333332,27,72,,
混合方块 (1x1+2x2),6,13,36043,True,0.13166499137878418,0.13166499137878418,63,10.5,22,47,,
混合方块 (1x1+2x2),6,14,21950,False,1.2604730129241943,5.0,-1,-1,-1,195,NoSolution,
混合方块 (1x1+2x2),6,15,9003,True,0.03347420692443848,0.03347420692443848,78,13.0,25,7,,
混合方块 (1x1+2x2),6,16,56655,True,0.19659113883972168,0.19659113883972168,75,12.5,20,37,,
混合方块 (1x1+2x2),6,17,89505,True,0.014786243438720703,0.014786243438720703,69,11.5,22,2,,
混合方块 (1x1+2x2),6,18,83446,True,0.0873556137084961,0.0873556137084961,69,11.5,23,32,,
混合方块 (1x1+2x2),6,19,67745,False,0.010692596435546875,5.0,-1,-1,-1,0,NoSolution,
混合方块 (1x1+2x2),6,20,78277,True,0.010036468505859375,0.010036468505859375,54,9.0,17,2,,
混合方块 (1x1+2x2),7,1,90209,True,0.18347525596618652,0.18347525596618652,102,14.571428571428571,33,34,,batch_performance_analysis\images\paths\混合方块_1x1+2x2_N7.png
混合方块 (1x1+2x2),7,2,40449,True,0.0503542423248291,0.0503542423248291,119,17.0,26,12,,
混合方块 (1x1+2x2),7,3,49112,False,0.010381698608398438,5.0,-1,-1,-1,0,NoSolution,
混合方块 (1x1+2x2),7,4,8467,True,0.052071571350097656,0.052071571350097656,112,16.0,25,12,,
混合方块 (1x1+2x2),7,5,67143,False,0.6596195697784424,5.0,-1,-1,-1,161,NoSolution,
混合方块 (1x1+2x2),7,6,11023,False,0.01109004020690918,5.0,-1,-1,-1,0,NoSolution,
混合方块 (1x1+2x2),7,7,59996,False,0.0076901912689208984,5.0,-1,-1,-1,0,NoSolution,
混合方块 (1x1+2x2),7,8,1600,True,0.0352323055267334,0.0352323055267334,106,15.142857142857142,26,5,,
混合方块 (1x1+2x2),7,9,9275,True,0.09218883514404297,0.09218883514404297,105,15.0,28,19,,
混合方块 (1x1+2x2),7,10,78386,False,0.014196634292602539,5.0,-1,-1,-1,1,NoSolution,
混合方块 (1x1+2x2),7,11,965,True,0.014269828796386719,0.014269828796386719,90,12.857142857142858,19,2,,
混合方块 (1x1+2x2),7,12,1641,True,0.16815781593322754,0.16815781593322754,90,12.857142857142858,22,33,,
混合方块 (1x1+2x2),7,13,23652,False,0.01347041130065918,5.0,-1,-1,-1,0,NoSolution,
混合方块 (1x1+2x2),7,14,10619,False,0.016840696334838867,5.0,-1,-1,-1,1,NoSolution,
混合方块 (1x1+2x2),7,15,94087,False,0.01065683364868164,5.0,-1,-1,-1,0,NoSolution,
混合方块 (1x1+2x2),7,16,79309,True,0.044492483139038086,0.044492483139038086,113,16.142857142857142,27,5,,
混合方块 (1x1+2x2),7,17,29831,False,0.007918834686279297,5.0,-1,-1,-1,1,NoSolution,
混合方块 (1x1+2x2),7,18,60294,False,0.013216018676757812,5.0,-1,-1,-1,1,NoSolution,
混合方块 (1x1+2x2),7,19,49813,False,0.008186101913452148,5.0,-1,-1,-1,0,NoSolution,
混合方块 (1x1+2x2),7,20,52525,False,5.019829988479614,5.0,-1,-1,-1,601,Timeout,
混合方块 (1x1+2x2),8,1,61485,False,0.00927281379699707,5.0,-1,-1,-1,0,NoSolution,
混合方块 (1x1+2x2),8,2,13220,True,0.02413153648376465,0.02413153648376465,78,9.75,22,6,,
混合方块 (1x1+2x2),8,3,30943,False,0.015413045883178711,5.0,-1,-1,-1,0,NoSolution,
混合方块 (1x1+2x2),8,4,43291,False,0.788297176361084,5.0,-1,-1,-1,123,NoSolution,
混合方块 (1x1+2x2),8,5,93736,False,0.042786598205566406,5.0,-1,-1,-1,0,NoSolution,
混合方块 (1x1+2x2),8,6,40626,False,0.01701045036315918,5.0,-1,-1,-1,0,NoSolution,
混合方块 (1x1+2x2),8,7,29122,False,0.021448373794555664,5.0,-1,-1,-1,0,NoSolution,
混合方块 (1x1+2x2),8,8,68452,False,0.015950918197631836,5.0,-1,-1,-1,0,NoSolution,
混合方块 (1x1+2x2),8,9,45900,False,0.01703500747680664,5.0,-1,-1,-1,0,NoSolution,
混合方块 (1x1+2x2),8,10,6740,True,0.04458808898925781,0.04458808898925781,107,13.375,22,5,,
混合方块 (1x1+2x2),8,11,3769,False,0.2959764003753662,5.0,-1,-1,-1,97,NoSolution,
混合方块 (1x1+2x2),8,12,42166,True,0.05967092514038086,0.05967092514038086,93,11.625,25,0,,
混合方块 (1x1+2x2),8,13,59220,False,0.09541559219360352,5.0,-1,-1,-1,27,NoSolution,
混合方块 (1x1+2x2),8,14,31168,False,0.012044191360473633,5.0,-1,-1,-1,2,NoSolution,
混合方块 (1x1+2x2),8,15,40012,True,0.014671564102172852,0.014671564102172852,98,12.25,24,2,,
混合方块 (1x1+2x2),8,16,74686,True,0.05385875701904297,0.05385875701904297,59,7.375,25,10,,
混合方块 (1x1+2x2),8,17,96481,True,0.15143918991088867,0.15143918991088867,111,13.875,24,25,,
混合方块 (1x1+2x2),8,18,7830,True,0.27358412742614746,0.27358412742614746,137,17.125,36,22,,
混合方块 (1x1+2x2),8,19,58424,True,0.24347424507141113,0.24347424507141113,129,16.125,22,40,,
混合方块 (1x1+2x2),8,20,10215,False,0.01440119743347168,5.0,-1,-1,-1,1,NoSolution,
混合方块 (1x1+2x2),9,1,2058,True,0.0487978458404541,0.0487978458404541,140,15.555555555555555,29,8,,batch_performance_analysis\images\paths\混合方块_1x1+2x2_N9.png
混合方块 (1x1+2x2),9,2,11838,True,0.014338254928588867,0.014338254928588867,82,9.11111111111111,21,0,,
混合方块 (1x1+2x2),9,3,16555,True,0.4903843402862549,0.4903843402862549,110,12.222222222222221,19,100,,
混合方块 (1x1+2x2),9,4,39980,False,0.008788347244262695,5.0,-1,-1,-1,0,NoSolution,
混合方块 (1x1+2x2),9,5,91109,False,0.021808862686157227,5.0,-1,-1,-1,0,NoSolution,
混合方块 (1x1+2x2),9,6,25927,False,0.014952659606933594,5.0,-1,-1,-1,0,NoSolution,
混合方块 (1x1+2x2),9,7,73641,False,0.09381437301635742,5.0,-1,-1,-1,13,NoSolution,
混合方块 (1x1+2x2),9,8,51571,False,0.01092982292175293,5.0,-1,-1,-1,0,NoSolution,
混合方块 (1x1+2x2),9,9,43760,False,0.0060291290283203125,5.0,-1,-1,-1,0,NoSolution,
混合方块 (1x1+2x2),9,10,27001,False,0.03385639190673828,5.0,-1,-1,-1,4,NoSolution,
混合方块 (1x1+2x2),9,11,7484,True,0.09598660469055176,0.09598660469055176,129,14.333333333333334,25,9,,
混合方块 (1x1+2x2),9,12,59823,True,0.02708148956298828,0.02708148956298828,115,12.777777777777779,22,2,,
混合方块 (1x1+2x2),9,13,53287,True,0.040837764739990234,0.040837764739990234,99,11.0,15,10,,
混合方块 (1x1+2x2),9,14,19070,False,0.010654687881469727,5.0,-1,-1,-1,0,NoSolution,
混合方块 (1x1+2x2),9,15,85722,True,0.01566314697265625,0.01566314697265625,128,14.222222222222221,27,0,,
混合方块 (1x1+2x2),9,16,59019,True,0.027889728546142578,0.027889728546142578,108,12.0,20,4,,
混合方块 (1x1+2x2),9,17,99651,False,0.015399694442749023,5.0,-1,-1,-1,0,NoSolution,
混合方块 (1x1+2x2),9,18,97632,False,0.01447749137878418,5.0,-1,-1,-1,0,NoSolution,
混合方块 (1x1+2x2),9,19,46490,True,1.2215468883514404,1.2215468883514404,120,13.333333333333334,30,216,,
混合方块 (1x1+2x2),9,20,79046,True,0.11768889427185059,0.11768889427185059,87,9.666666666666666,17,25,,
混合方块 (1x1+2x2),10,1,88770,False,0.009918451309204102,5.0,-1,-1,-1,0,NoSolution,
混合方块 (1x1+2x2),10,2,35873,False,0.018758058547973633,5.0,-1,-1,-1,2,NoSolution,
混合方块 (1x1+2x2),10,3,70189,False,0.0905447006225586,5.0,-1,-1,-1,7,NoSolution,
混合方块 (1x1+2x2),10,4,4205,False,0.019242048263549805,5.0,-1,-1,-1,0,NoSolution,
混合方块 (1x1+2x2),10,5,70271,True,0.08014845848083496,0.08014845848083496,133,13.3,23,12,,
混合方块 (1x1+2x2),10,6,84048,True,0.05217909812927246,0.05217909812927246,108,10.8,23,7,,
混合方块 (1x1+2x2),10,7,13113,True,0.2173147201538086,0.2173147201538086,115,11.5,29,33,,
混合方块 (1x1+2x2),10,8,31322,False,0.1425178050994873,5.0,-1,-1,-1,23,NoSolution,
混合方块 (1x1+2x2),10,9,95788,True,0.06747269630432129,0.06747269630432129,99,9.9,24,10,,
混合方块 (1x1+2x2),10,10,96630,False,0.03772902488708496,5.0,-1,-1,-1,0,NoSolution,
混合方块 (1x1+2x2),10,11,66664,True,0.07128620147705078,0.07128620147705078,144,14.4,21,8,,
混合方块 (1x1+2x2),10,12,9917,False,0.02733159065246582,5.0,-1,-1,-1,2,NoSolution,
混合方块 (1x1+2x2),10,13,83300,False,0.40350937843322754,5.0,-1,-1,-1,41,NoSolution,
混合方块 (1x1+2x2),10,14,44605,False,5.003633260726929,5.0,-1,-1,-1,841,Timeout,
混合方块 (1x1+2x2),10,15,40022,True,0.014125347137451172,0.014125347137451172,102,10.2,18,3,,
混合方块 (1x1+2x2),10,16,97701,False,0.4637629985809326,5.0,-1,-1,-1,106,NoSolution,
混合方块 (1x1+2x2),10,17,28676,False,5.003255605697632,5.0,-1,-1,-1,731,Timeout,
混合方块 (1x1+2x2),10,18,41245,False,0.11360764503479004,5.0,-1,-1,-1,16,NoSolution,
混合方块 (1x1+2x2),10,19,18363,False,0.018016576766967773,5.0,-1,-1,-1,0,NoSolution,
混合方块 (1x1+2x2),10,20,12383,False,0.03193926811218262,5.0,-1,-1,-1,0,NoSolution,
混合长条 (1x1+1x2+2x1),4,1,34089,False,5.02200174331665,5.0,-1,-1,-1,648,Timeout,
混合长条 (1x1+1x2+2x1),4,2,87649,False,0.005247592926025391,5.0,-1,-1,-1,0,NoSolution,
混合长条 (1x1+1x2+2x1),4,3,43739,True,0.016665220260620117,0.016665220260620117,72,18.0,26,2,,
混合长条 (1x1+1x2+2x1),4,4,57139,True,0.030820131301879883,0.030820131301879883,57,14.25,23,8,,
混合长条 (1x1+1x2+2x1),4,5,27651,True,0.014101982116699219,0.014101982116699219,46,11.5,22,2,,
混合长条 (1x1+1x2+2x1),4,6,79332,True,0.004506587982177734,0.004506587982177734,40,10.0,14,0,,
混合长条 (1x1+1x2+2x1),4,7,79051,False,0.013231754302978516,5.0,-1,-1,-1,1,NoSolution,
混合长条 (1x1+1x2+2x1),4,8,24052,True,0.006205558776855469,0.006205558776855469,64,16.0,28,0,,
混合长条 (1x1+1x2+2x1),4,9,48953,True,0.07799077033996582,0.07799077033996582,79,19.75,23,16,,
混合长条 (1x1+1x2+2x1),4,10,5529,True,0.08469057083129883,0.08469057083129883,74,18.5,36,20,,
混合长条 (1x1+1x2+2x1),4,11,84043,False,0.021323680877685547,5.0,-1,-1,-1,2,NoSolution,
混合长条 (1x1+1x2+2x1),4,12,31276,True,0.03601241111755371,0.03601241111755371,76,19.0,24,6,,
混合长条 (1x1+1x2+2x1),4,13,39107,True,0.011922597885131836,0.011922597885131836,55,13.75,23,0,,
混合长条 (1x1+1x2+2x1),4,14,86371,True,0.00804758071899414,0.00804758071899414,61,15.25,23,0,,
混合长条 (1x1+1x2+2x1),4,15,17914,False,0.10905170440673828,5.0,-1,-1,-1,2,NoSolution,
混合长条 (1x1+1x2+2x1),4,16,87412,True,0.028759002685546875,0.028759002685546875,83,20.75,38,0,,
混合长条 (1x1+1x2+2x1),4,17,17183,True,0.010330677032470703,0.010330677032470703,55,13.75,19,0,,
混合长条 (1x1+1x2+2x1),4,18,99880,True,0.010918378829956055,0.010918378829956055,55,13.75,25,0,,
混合长条 (1x1+1x2+2x1),4,19,19323,True,0.006723165512084961,0.006723165512084961,26,6.5,13,0,,
混合长条 (1x1+1x2+2x1),4,20,99894,False,0.02011704444885254,5.0,-1,-1,-1,1,NoSolution,
混合长条 (1x1+1x2+2x1),5,1,54236,True,0.13878893852233887,0.13878893852233887,65,13.0,26,23,,batch_performance_analysis\images\paths\混合长条_1x1+1x2+2x1_N5.png
混合长条 (1x1+1x2+2x1),5,2,38924,True,0.011720418930053711,0.011720418930053711,59,11.8,19,2,,
混合长条 (1x1+1x2+2x1),5,3,64470,False,0.007476806640625,5.0,-1,-1,-1,0,NoSolution,
混合长条 (1x1+1x2+2x1),5,4,5743,False,0.007216930389404297,5.0,-1,-1,-1,0,NoSolution,
混合长条 (1x1+1x2+2x1),5,5,76849,False,0.009871244430541992,5.0,-1,-1,-1,0,NoSolution,
混合长条 (1x1+1x2+2x1),5,6,44580,False,0.011092185974121094,5.0,-1,-1,-1,0,NoSolution,
混合长条 (1x1+1x2+2x1),5,7,15214,True,0.04154849052429199,0.04154849052429199,64,12.8,18,10,,
混合长条 (1x1+1x2+2x1),5,8,92593,True,0.020910263061523438,0.020910263061523438,73,14.6,21,4,,
混合长条 (1x1+1x2+2x1),5,9,99832,True,0.007429361343383789,0.007429361343383789,56,11.2,19,0,,
混合长条 (1x1+1x2+2x1),5,10,23944,True,0.07139873504638672,0.07139873504638672,78,15.6,31,5,,
混合长条 (1x1+1x2+2x1),5,11,80360,True,0.01992487907409668,0.01992487907409668,101,20.2,29,0,,
混合长条 (1x1+1x2+2x1),5,12,6500,True,0.0187835693359375,0.0187835693359375,54,10.8,16,5,,
混合长条 (1x1+1x2+2x1),5,13,84756,True,0.12774658203125,0.12774658203125,95,19.0,31,20,,
混合长条 (1x1+1x2+2x1),5,14,84607,True,0.04998207092285156,0.04998207092285156,70,14.0,21,16,,
混合长条 (1x1+1x2+2x1),5,15,29280,True,0.027353525161743164,0.027353525161743164,72,14.4,24,4,,
混合长条 (1x1+1x2+2x1),5,16,32666,True,0.009950637817382812,0.009950637817382812,83,16.6,23,2,,
混合长条 (1x1+1x2+2x1),5,17,30556,True,0.009625434875488281,0.009625434875488281,70,14.0,18,2,,
混合长条 (1x1+1x2+2x1),5,18,94762,True,0.004329204559326172,0.004329204559326172,41,8.2,11,0,,
混合长条 (1x1+1x2+2x1),5,19,33454,True,0.0233151912689209,0.0233151912689209,87,17.4,32,3,,
混合长条 (1x1+1x2+2x1),5,20,62759,True,0.05129122734069824,0.05129122734069824,117,23.4,35,6,,
混合长条 (1x1+1x2+2x1),6,1,25318,True,0.014991283416748047,0.014991283416748047,97,16.166666666666668,21,0,,batch_performance_analysis\images\paths\混合长条_1x1+1x2+2x1_N6.png
混合长条 (1x1+1x2+2x1),6,2,11349,True,0.008405208587646484,0.008405208587646484,86,14.333333333333334,23,0,,
混合长条 (1x1+1x2+2x1),6,3,41940,True,0.009215593338012695,0.009215593338012695,83,13.833333333333334,19,0,,
混合长条 (1x1+1x2+2x1),6,4,83463,False,0.2009718418121338,5.0,-1,-1,-1,31,NoSolution,
混合长条 (1x1+1x2+2x1),6,5,91281,True,0.02810955047607422,0.02810955047607422,52,8.666666666666666,16,8,,
混合长条 (1x1+1x2+2x1),6,6,44058,True,0.010373353958129883,0.010373353958129883,74,12.333333333333334,22,0,,
混合长条 (1x1+1x2+2x1),6,7,83982,False,0.0560908317565918,5.0,-1,-1,-1,12,NoSolution,
混合长条 (1x1+1x2+2x1),6,8,52264,False,0.014519691467285156,5.0,-1,-1,-1,0,NoSolution,
混合长条 (1x1+1x2+2x1),6,9,31764,False,0.12021827697753906,5.0,-1,-1,-1,15,NoSolution,
混合长条 (1x1+1x2+2x1),6,10,68748,False,0.008854389190673828,5.0,-1,-1,-1,0,NoSolution,
混合长条 (1x1+1x2+2x1),6,11,95832,True,0.025136470794677734,0.025136470794677734,85,14.166666666666666,24,7,,
混合长条 (1x1+1x2+2x1),6,12,75162,False,4.99604868888855,5.0,-1,-1,-1,241,NoSolution,
混合长条 (1x1+1x2+2x1),6,13,56206,False,0.03186964988708496,5.0,-1,-1,-1,0,NoSolution,
混合长条 (1x1+1x2+2x1),6,14,82061,False,0.10275006294250488,5.0,-1,-1,-1,14,NoSolution,
混合长条 (1x1+1x2+2x1),6,15,45984,False,0.09221172332763672,5.0,-1,-1,-1,23,NoSolution,
混合长条 (1x1+1x2+2x1),6,16,58647,True,0.05651497840881348,0.05651497840881348,87,14.5,29,4,,
混合长条 (1x1+1x2+2x1),6,17,15088,False,0.007397174835205078,5.0,-1,-1,-1,0,NoSolution,
混合长条 (1x1+1x2+2x1),6,18,57297,False,0.014336824417114258,5.0,-1,-1,-1,0,NoSolution,
混合长条 (1x1+1x2+2x1),6,19,83485,True,0.21008038520812988,0.21008038520812988,114,19.0,30,17,,
混合长条 (1x1+1x2+2x1),6,20,1071,True,1.1404330730438232,1.1404330730438232,113,18.833333333333332,24,179,,
混合长条 (1x1+1x2+2x1),7,1,44029,False,0.16910457611083984,5.0,-1,-1,-1,9,NoSolution,
混合长条 (1x1+1x2+2x1),7,2,5551,True,0.025591373443603516,0.025591373443603516,93,13.285714285714286,19,6,,
混合长条 (1x1+1x2+2x1),7,3,61444,False,0.5714349746704102,5.0,-1,-1,-1,21,NoSolution,
混合长条 (1x1+1x2+2x1),7,4,95759,True,0.042249441146850586,0.042249441146850586,84,12.0,20,10,,
混合长条 (1x1+1x2+2x1),7,5,64826,True,0.22192692756652832,0.22192692756652832,112,16.0,25,29,,
混合长条 (1x1+1x2+2x1),7,6,96117,True,0.017106056213378906,0.017106056213378906,107,15.285714285714286,29,2,,
混合长条 (1x1+1x2+2x1),7,7,31317,False,0.010013580322265625,5.0,-1,-1,-1,0,NoSolution,
混合长条 (1x1+1x2+2x1),7,8,84447,False,0.012436628341674805,5.0,-1,-1,-1,0,NoSolution,
混合长条 (1x1+1x2+2x1),7,9,13784,True,0.044440269470214844,0.044440269470214844,104,14.857142857142858,23,10,,
混合长条 (1x1+1x2+2x1),7,10,67698,True,0.0401921272277832,0.0401921272277832,132,18.857142857142858,25,6,,
混合长条 (1x1+1x2+2x1),7,11,98891,False,0.13294720649719238,5.0,-1,-1,-1,9,NoSolution,
混合长条 (1x1+1x2+2x1),7,12,89947,True,0.12253355979919434,0.12253355979919434,115,16.428571428571427,28,20,,
混合长条 (1x1+1x2+2x1),7,13,29386,True,0.1996161937713623,0.1996161937713623,107,15.285714285714286,26,17,,
混合长条 (1x1+1x2+2x1),7,14,28490,True,0.37485170364379883,0.37485170364379883,130,18.571428571428573,33,13,,
混合长条 (1x1+1x2+2x1),7,15,19452,True,0.02742743492126465,0.02742743492126465,97,13.857142857142858,17,6,,
混合长条 (1x1+1x2+2x1),7,16,67981,False,0.8389887809753418,5.0,-1,-1,-1,72,NoSolution,
混合长条 (1x1+1x2+2x1),7,17,36558,True,0.009075164794921875,0.009075164794921875,67,9.571428571428571,17,0,,
混合长条 (1x1+1x2+2x1),7,18,50772,False,0.10070323944091797,5.0,-1,-1,-1,2,NoSolution,
混合长条 (1x1+1x2+2x1),7,19,98195,False,0.024834394454956055,5.0,-1,-1,-1,0,NoSolution,
混合长条 (1x1+1x2+2x1),7,20,1244,True,0.05662655830383301,0.05662655830383301,62,8.857142857142858,17,13,,
混合长条 (1x1+1x2+2x1),8,1,6781,False,0.5105738639831543,5.0,-1,-1,-1,52,NoSolution,
混合长条 (1x1+1x2+2x1),8,2,83830,False,5.011281490325928,5.0,-1,-1,-1,414,Timeout,
混合长条 (1x1+1x2+2x1),8,3,83585,True,0.03603720664978027,0.03603720664978027,139,17.375,29,6,,
混合长条 (1x1+1x2+2x1),8,4,54226,True,0.8944988250732422,0.8944988250732422,147,18.375,30,111,,
混合长条 (1x1+1x2+2x1),8,5,15008,True,0.02082514762878418,0.02082514762878418,105,13.125,39,0,,
混合长条 (1x1+1x2+2x1),8,6,93123,False,0.013856887817382812,5.0,-1,-1,-1,0,NoSolution,
混合长条 (1x1+1x2+2x1),8,7,96890,False,5.100486755371094,5.0,-1,-1,-1,262,Timeout,
混合长条 (1x1+1x2+2x1),8,8,64747,False,0.032457590103149414,5.0,-1,-1,-1,9,NoSolution,
混合长条 (1x1+1x2+2x1),8,9,58830,False,5.017093896865845,5.0,-1,-1,-1,402,Timeout,
混合长条 (1x1+1x2+2x1),8,10,23912,False,0.02304220199584961,5.0,-1,-1,-1,0,NoSolution,
混合长条 (1x1+1x2+2x1),8,11,97762,True,0.035901784896850586,0.035901784896850586,91,11.375,25,4,,
混合长条 (1x1+1x2+2x1),8,12,20905,False,0.015554428100585938,5.0,-1,-1,-1,0,NoSolution,
混合长条 (1x1+1x2+2x1),8,13,36518,False,0.2133491039276123,5.0,-1,-1,-1,22,NoSolution,
混合长条 (1x1+1x2+2x1),8,14,95850,True,0.2160046100616455,0.2160046100616455,109,13.625,22,36,,
混合长条 (1x1+1x2+2x1),8,15,2872,True,0.1160585880279541,0.1160585880279541,96,12.0,23,20,,
混合长条 (1x1+1x2+2x1),8,16,72002,False,0.6037049293518066,5.0,-1,-1,-1,53,NoSolution,
混合长条 (1x1+1x2+2x1),8,17,53896,True,1.6000847816467285,1.6000847816467285,133,16.625,33,228,,
混合长条 (1x1+1x2+2x1),8,18,96011,False,5.034700393676758,5.0,-1,-1,-1,196,Timeout,
混合长条 (1x1+1x2+2x1),8,19,63336,False,0.019129514694213867,5.0,-1,-1,-1,0,NoSolution,
混合长条 (1x1+1x2+2x1),8,20,58263,True,0.9796493053436279,0.9796493053436279,116,14.5,39,49,,
混合长条 (1x1+1x2+2x1),9,1,1471,True,0.13218212127685547,0.13218212127685547,112,12.444444444444445,22,12,,batch_performance_analysis\images\paths\混合长条_1x1+1x2+2x1_N9.png
混合长条 (1x1+1x2+2x1),9,2,2361,False,0.9814753532409668,5.0,-1,-1,-1,96,NoSolution,
混合长条 (1x1+1x2+2x1),9,3,68330,False,1.240518569946289,5.0,-1,-1,-1,108,NoSolution,
混合长条 (1x1+1x2+2x1),9,4,41520,False,0.041092634201049805,5.0,-1,-1,-1,2,NoSolution,
混合长条 (1x1+1x2+2x1),9,5,53299,False,0.02140665054321289,5.0,-1,-1,-1,0,NoSolution,
混合长条 (1x1+1x2+2x1),9,6,64930,False,5.026672124862671,5.0,-1,-1,-1,244,Timeout,
混合长条 (1x1+1x2+2x1),9,7,97761,True,0.19158720970153809,0.19158720970153809,114,12.666666666666666,25,33,,
混合长条 (1x1+1x2+2x1),9,8,26095,True,0.81683349609375,0.81683349609375,131,14.555555555555555,24,145,,
混合长条 (1x1+1x2+2x1),9,9,96567,True,0.053389787673950195,0.053389787673950195,139,15.444444444444445,21,12,,
混合长条 (1x1+1x2+2x1),9,10,26394,False,0.06662511825561523,5.0,-1,-1,-1,3,NoSolution,
混合长条 (1x1+1x2+2x1),9,11,76136,False,5.038917064666748,5.0,-1,-1,-1,382,Timeout,
混合长条 (1x1+1x2+2x1),9,12,43796,True,4.492952585220337,4.492952585220337,167,18.555555555555557,40,248,,
混合长条 (1x1+1x2+2x1),9,13,27052,False,0.14122438430786133,5.0,-1,-1,-1,13,NoSolution,
混合长条 (1x1+1x2+2x1),9,14,20216,False,0.4560887813568115,5.0,-1,-1,-1,52,NoSolution,
混合长条 (1x1+1x2+2x1),9,15,98677,True,0.5845468044281006,0.5845468044281006,148,16.444444444444443,29,63,,
混合长条 (1x1+1x2+2x1),9,16,54579,False,5.0142457485198975,5.0,-1,-1,-1,221,Timeout,
混合长条 (1x1+1x2+2x1),9,17,41848,True,0.20644497871398926,0.20644497871398926,100,11.11111111111111,18,49,,
混合长条 (1x1+1x2+2x1),9,18,68351,True,0.03792881965637207,0.03792881965637207,122,13.555555555555555,17,6,,
混合长条 (1x1+1x2+2x1),9,19,64053,False,1.600282907485962,5.0,-1,-1,-1,223,NoSolution,
混合长条 (1x1+1x2+2x1),9,20,50856,False,0.3796656131744385,5.0,-1,-1,-1,67,NoSolution,
混合长条 (1x1+1x2+2x1),10,1,58739,False,0.012242555618286133,5.0,-1,-1,-1,0,NoSolution,
混合长条 (1x1+1x2+2x1),10,2,59827,False,5.0197434425354,5.0,-1,-1,-1,84,Timeout,
混合长条 (1x1+1x2+2x1),10,3,86305,False,0.023379802703857422,5.0,-1,-1,-1,0,NoSolution,
混合长条 (1x1+1x2+2x1),10,4,5131,False,0.07154536247253418,5.0,-1,-1,-1,2,NoSolution,
混合长条 (1x1+1x2+2x1),10,5,12973,False,5.0696492195129395,5.0,-1,-1,-1,280,Timeout,
混合长条 (1x1+1x2+2x1),10,6,87502,False,0.07183194160461426,5.0,-1,-1,-1,5,NoSolution,
混合长条 (1x1+1x2+2x1),10,7,27769,False,0.056212425231933594,5.0,-1,-1,-1,5,NoSolution,
混合长条 (1x1+1x2+2x1),10,8,61845,False,0.14007353782653809,5.0,-1,-1,-1,32,NoSolution,
混合长条 (1x1+1x2+2x1),10,9,69680,True,0.6188454627990723,0.6188454627990723,149,14.9,44,60,,
混合长条 (1x1+1x2+2x1),10,10,65748,True,0.015085697174072266,0.015085697174072266,85,8.5,18,2,,
混合长条 (1x1+1x2+2x1),10,11,88027,False,0.06486868858337402,5.0,-1,-1,-1,6,NoSolution,
混合长条 (1x1+1x2+2x1),10,12,70253,True,0.06473708152770996,0.06473708152770996,154,15.4,24,9,,
混合长条 (1x1+1x2+2x1),10,13,44640,True,0.15381217002868652,0.15381217002868652,143,14.3,23,18,,
混合长条 (1x1+1x2+2x1),10,14,52109,True,0.02883768081665039,0.02883768081665039,156,15.6,35,2,,
混合长条 (1x1+1x2+2x1),10,15,37035,True,0.09613537788391113,0.09613537788391113,159,15.9,36,9,,
混合长条 (1x1+1x2+2x1),10,16,62589,False,5.06072473526001,5.0,-1,-1,-1,315,Timeout,
混合长条 (1x1+1x2+2x1),10,17,24767,False,0.5703394412994385,5.0,-1,-1,-1,85,NoSolution,
混合长条 (1x1+1x2+2x1),10,18,13227,False,0.08344483375549316,5.0,-1,-1,-1,8,NoSolution,
混合长条 (1x1+1x2+2x1),10,19,40828,False,0.0746757984161377,5.0,-1,-1,-1,7,NoSolution,
混合长条 (1x1+1x2+2x1),10,20,75729,False,5.0348076820373535,5.0,-1,-1,-1,99,Timeout,
复杂异构 (1x1+2x2+3x1),4,1,28086,True,0.00806117057800293,0.00806117057800293,72,18.0,22,0,,batch_performance_analysis\images\paths\复杂异构_1x1+2x2+3x1_N4.png
复杂异构 (1x1+2x2+3x1),4,2,80878,True,0.011450052261352539,0.011450052261352539,72,18.0,32,0,,
复杂异构 (1x1+2x2+3x1),4,3,51680,True,0.011360645294189453,0.011360645294189453,55,13.75,26,0,,
复杂异构 (1x1+2x2+3x1),4,4,8361,True,0.028385162353515625,0.028385162353515625,74,18.5,28,4,,
复杂异构 (1x1+2x2+3x1),4,5,93718,True,0.008877754211425781,0.008877754211425781,37,9.25,13,0,,
复杂异构 (1x1+2x2+3x1),4,6,56573,True,0.04821324348449707,0.04821324348449707,52,13.0,18,16,,
复杂异构 (1x1+2x2+3x1),4,7,34137,True,0.023676395416259766,0.023676395416259766,73,18.25,27,2,,
复杂异构 (1x1+2x2+3x1),4,8,42450,False,0.6106033325195312,5.0,-1,-1,-1,21,NoSolution,
复杂异构 (1x1+2x2+3x1),4,9,45067,True,0.008137702941894531,0.008137702941894531,43,10.75,13,0,,
复杂异构 (1x1+2x2+3x1),4,10,46495,True,0.005995035171508789,0.005995035171508789,47,11.75,22,0,,
复杂异构 (1x1+2x2+3x1),4,11,12924,True,0.003701448440551758,0.003701448440551758,39,9.75,13,0,,
复杂异构 (1x1+2x2+3x1),4,12,88167,False,0.0065937042236328125,5.0,-1,-1,-1,0,NoSolution,
复杂异构 (1x1+2x2+3x1),4,13,41492,True,0.04439687728881836,0.04439687728881836,58,14.5,25,18,,
复杂异构 (1x1+2x2+3x1),4,14,19491,False,5.006301641464233,5.0,-1,-1,-1,498,Timeout,
复杂异构 (1x1+2x2+3x1),4,15,98494,True,0.0507204532623291,0.0507204532623291,36,9.0,16,22,,
复杂异构 (1x1+2x2+3x1),4,16,86810,True,0.010171651840209961,0.010171651840209961,42,10.5,18,2,,
复杂异构 (1x1+2x2+3x1),4,17,59618,True,0.0072994232177734375,0.0072994232177734375,47,11.75,23,0,,
复杂异构 (1x1+2x2+3x1),4,18,47334,True,0.0028998851776123047,0.0028998851776123047,18,4.5,10,0,,
复杂异构 (1x1+2x2+3x1),4,19,26118,True,0.007569789886474609,0.007569789886474609,41,10.25,14,1,,
复杂异构 (1x1+2x2+3x1),4,20,13177,True,1.8426754474639893,1.8426754474639893,64,16.0,26,282,,
复杂异构 (1x1+2x2+3x1),5,1,64262,True,0.9376354217529297,0.9376354217529297,70,14.0,22,147,,batch_performance_analysis\images\paths\复杂异构_1x1+2x2+3x1_N5.png
复杂异构 (1x1+2x2+3x1),5,2,59323,False,1.0538878440856934,5.0,-1,-1,-1,206,NoSolution,
复杂异构 (1x1+2x2+3x1),5,3,63473,True,0.006265401840209961,0.006265401840209961,52,10.4,20,0,,
复杂异构 (1x1+2x2+3x1),5,4,15642,False,0.008428812026977539,5.0,-1,-1,-1,0,NoSolution,
复杂异构 (1x1+2x2+3x1),5,5,9488,True,0.01151132583618164,0.01151132583618164,55,11.0,20,2,,
复杂异构 (1x1+2x2+3x1),5,6,95608,False,0.1250927448272705,5.0,-1,-1,-1,31,NoSolution,
复杂异构 (1x1+2x2+3x1),5,7,69384,False,0.028113365173339844,5.0,-1,-1,-1,6,NoSolution,
复杂异构 (1x1+2x2+3x1),5,8,48656,False,0.4754786491394043,5.0,-1,-1,-1,77,NoSolution,
复杂异构 (1x1+2x2+3x1),5,9,32827,True,0.05554008483886719,0.05554008483886719,52,10.4,29,5,,
复杂异构 (1x1+2x2+3x1),5,10,64716,False,0.016556501388549805,5.0,-1,-1,-1,0,NoSolution,
复杂异构 (1x1+2x2+3x1),5,11,93765,False,0.06807661056518555,5.0,-1,-1,-1,0,NoSolution,
复杂异构 (1x1+2x2+3x1),5,12,16234,False,0.029535293579101562,5.0,-1,-1,-1,2,NoSolution,
复杂异构 (1x1+2x2+3x1),5,13,15244,False,0.011084794998168945,5.0,-1,-1,-1,0,NoSolution,
复杂异构 (1x1+2x2+3x1),5,14,26310,True,0.2842731475830078,0.2842731475830078,78,15.6,33,20,,
复杂异构 (1x1+2x2+3x1),5,15,65564,True,0.008316278457641602,0.008316278457641602,49,9.8,14,0,,
复杂异构 (1x1+2x2+3x1),5,16,30842,True,0.034399986267089844,0.034399986267089844,55,11.0,23,4,,
复杂异构 (1x1+2x2+3x1),5,17,21242,True,0.00482630729675293,0.00482630729675293,47,9.4,15,0,,
复杂异构 (1x1+2x2+3x1),5,18,4731,True,1.367985486984253,1.367985486984253,96,19.2,28,92,,
复杂异构 (1x1+2x2+3x1),5,19,75155,True,0.0072476863861083984,0.0072476863861083984,68,13.6,24,0,,
复杂异构 (1x1+2x2+3x1),5,20,19251,False,1.2182834148406982,5.0,-1,-1,-1,183,NoSolution,
复杂异构 (1x1+2x2+3x1),6,1,80810,False,0.03223681449890137,5.0,-1,-1,-1,0,NoSolution,
复杂异构 (1x1+2x2+3x1),6,2,80807,False,0.011193275451660156,5.0,-1,-1,-1,1,NoSolution,
复杂异构 (1x1+2x2+3x1),6,3,63050,True,1.3343970775604248,1.3343970775604248,98,16.333333333333332,26,180,,
复杂异构 (1x1+2x2+3x1),6,4,77716,True,0.013325691223144531,0.013325691223144531,49,8.166666666666666,13,2,,
复杂异构 (1x1+2x2+3x1),6,5,72751,True,0.23232483863830566,0.23232483863830566,74,12.333333333333334,22,38,,
复杂异构 (1x1+2x2+3x1),6,6,64766,False,0.014759540557861328,5.0,-1,-1,-1,0,NoSolution,
复杂异构 (1x1+2x2+3x1),6,7,17933,False,0.018802881240844727,5.0,-1,-1,-1,0,NoSolution,
复杂异构 (1x1+2x2+3x1),6,8,70740,True,0.07535147666931152,0.07535147666931152,65,10.833333333333334,15,28,,
复杂异构 (1x1+2x2+3x1),6,9,15124,False,0.17907118797302246,5.0,-1,-1,-1,20,NoSolution,
复杂异构 (1x1+2x2+3x1),6,10,45698,False,0.01747584342956543,5.0,-1,-1,-1,2,NoSolution,
复杂异构 (1x1+2x2+3x1),6,11,94459,True,0.025743722915649414,0.025743722915649414,31,5.166666666666667,11,6,,
复杂异构 (1x1+2x2+3x1),6,12,68980,False,0.020335912704467773,5.0,-1,-1,-1,0,NoSolution,
复杂异构 (1x1+2x2+3x1),6,13,74229,False,0.008469343185424805,5.0,-1,-1,-1,0,NoSolution,
复杂异构 (1x1+2x2+3x1),6,14,66649,False,5.018658638000488,5.0,-1,-1,-1,656,Timeout,
复杂异构 (1x1+2x2+3x1),6,15,22552,False,0.02180767059326172,5.0,-1,-1,-1,5,NoSolution,
复杂异构 (1x1+2x2+3x1),6,16,36664,True,0.03066110610961914,0.03066110610961914,67,11.166666666666666,23,14,,
复杂异构 (1x1+2x2+3x1),6,17,42064,True,0.035048484802246094,0.035048484802246094,105,17.5,29,4,,
复杂异构 (1x1+2x2+3x1),6,18,33178,False,0.020016908645629883,5.0,-1,-1,-1,2,NoSolution,
复杂异构 (1x1+2x2+3x1),6,19,75391,True,0.16938161849975586,0.16938161849975586,99,16.5,23,40,,
复杂异构 (1x1+2x2+3x1),6,20,78955,True,2.0859603881835938,2.0859603881835938,99,16.5,28,489,,
复杂异构 (1x1+2x2+3x1),7,1,4807,True,0.00619816780090332,0.00619816780090332,54,7.714285714285714,19,0,,batch_performance_analysis\images\paths\复杂异构_1x1+2x2+3x1_N7.png
复杂异构 (1x1+2x2+3x1),7,2,58007,True,0.005216836929321289,0.005216836929321289,48,6.857142857142857,16,0,,
复杂异构 (1x1+2x2+3x1),7,3,86377,False,0.058296918869018555,5.0,-1,-1,-1,12,NoSolution,
复杂异构 (1x1+2x2+3x1),7,4,5893,False,0.05578207969665527,5.0,-1,-1,-1,18,NoSolution,
复杂异构 (1x1+2x2+3x1),7,5,34155,True,2.384782552719116,2.384782552719116,104,14.857142857142858,28,424,,
复杂异构 (1x1+2x2+3x1),7,6,27491,True,0.22268176078796387,0.22268176078796387,103,14.714285714285714,26,48,,
复杂异构 (1x1+2x2+3x1),7,7,73397,False,0.01634359359741211,5.0,-1,-1,-1,4,NoSolution,
复杂异构 (1x1+2x2+3x1),7,8,28702,False,0.07280945777893066,5.0,-1,-1,-1,21,NoSolution,
复杂异构 (1x1+2x2+3x1),7,9,67911,False,0.10481977462768555,5.0,-1,-1,-1,20,NoSolution,
复杂异构 (1x1+2x2+3x1),7,10,4760,False,0.006130695343017578,5.0,-1,-1,-1,0,NoSolution,
复杂异构 (1x1+2x2+3x1),7,11,69332,False,1.5410382747650146,5.0,-1,-1,-1,356,NoSolution,
复杂异构 (1x1+2x2+3x1),7,12,92702,False,5.011087417602539,5.0,-1,-1,-1,401,Timeout,
复杂异构 (1x1+2x2+3x1),7,13,76720,False,0.016380786895751953,5.0,-1,-1,-1,2,NoSolution,
复杂异构 (1x1+2x2+3x1),7,14,48751,False,0.038016319274902344,5.0,-1,-1,-1,6,NoSolution,
复杂异构 (1x1+2x2+3x1),7,15,78234,True,0.5516934394836426,0.5516934394836426,88,12.571428571428571,23,133,,
复杂异构 (1x1+2x2+3x1),7,16,56199,False,0.0351719856262207,5.0,-1,-1,-1,0,NoSolution,
复杂异构 (1x1+2x2+3x1),7,17,34231,False,0.03566431999206543,5.0,-1,-1,-1,2,NoSolution,
复杂异构 (1x1+2x2+3x1),7,18,85941,False,5.0104382038116455,5.0,-1,-1,-1,511,Timeout,
复杂异构 (1x1+2x2+3x1),7,19,66807,False,0.01984119415283203,5.0,-1,-1,-1,0,NoSolution,
复杂异构 (1x1+2x2+3x1),7,20,22715,False,0.08290505409240723,5.0,-1,-1,-1,10,NoSolution,
复杂异构 (1x1+2x2+3x1),8,1,40647,True,0.06696414947509766,0.06696414947509766,88,11.0,19,12,,batch_performance_analysis\images\paths\复杂异构_1x1+2x2+3x1_N8.png
复杂异构 (1x1+2x2+3x1),8,2,56459,False,0.015676259994506836,5.0,-1,-1,-1,0,NoSolution,
复杂异构 (1x1+2x2+3x1),8,3,38993,True,0.015004396438598633,0.015004396438598633,76,9.5,17,1,,
复杂异构 (1x1+2x2+3x1),8,4,9103,False,1.231139898300171,5.0,-1,-1,-1,163,NoSolution,
复杂异构 (1x1+2x2+3x1),8,5,7338,False,0.014600992202758789,5.0,-1,-1,-1,0,NoSolution,
复杂异构 (1x1+2x2+3x1),8,6,23075,False,5.014139652252197,5.0,-1,-1,-1,315,Timeout,
复杂异构 (1x1+2x2+3x1),8,7,88521,False,0.0350344181060791,5.0,-1,-1,-1,2,NoSolution,
复杂异构 (1x1+2x2+3x1),8,8,6568,False,0.010178565979003906,5.0,-1,-1,-1,0,NoSolution,
复杂异构 (1x1+2x2+3x1),8,9,65672,True,0.008208990097045898,0.008208990097045898,66,8.25,17,0,,
复杂异构 (1x1+2x2+3x1),8,10,16314,True,0.036386966705322266,0.036386966705322266,87,10.875,23,6,,
复杂异构 (1x1+2x2+3x1),8,11,90592,False,0.010741949081420898,5.0,-1,-1,-1,0,NoSolution,
复杂异构 (1x1+2x2+3x1),8,12,28169,False,0.6396293640136719,5.0,-1,-1,-1,104,NoSolution,
复杂异构 (1x1+2x2+3x1),8,13,23468,False,0.18091058731079102,5.0,-1,-1,-1,33,NoSolution,
复杂异构 (1x1+2x2+3x1),8,14,1616,False,5.010466814041138,5.0,-1,-1,-1,483,Timeout,
复杂异构 (1x1+2x2+3x1),8,15,76069,False,0.012986421585083008,5.0,-1,-1,-1,0,NoSolution,
复杂异构 (1x1+2x2+3x1),8,16,44587,True,0.011063575744628906,0.011063575744628906,90,11.25,17,0,,
复杂异构 (1x1+2x2+3x1),8,17,32366,False,0.01369333267211914,5.0,-1,-1,-1,0,NoSolution,
复杂异构 (1x1+2x2+3x1),8,18,84292,False,0.04482865333557129,5.0,-1,-1,-1,5,NoSolution,
复杂异构 (1x1+2x2+3x1),8,19,34947,False,0.9334897994995117,5.0,-1,-1,-1,62,NoSolution,
复杂异构 (1x1+2x2+3x1),8,20,57776,False,0.19597172737121582,5.0,-1,-1,-1,18,NoSolution,
复杂异构 (1x1+2x2+3x1),9,1,45084,False,5.011378049850464,5.0,-1,-1,-1,549,Timeout,
复杂异构 (1x1+2x2+3x1),9,2,20901,False,0.038028717041015625,5.0,-1,-1,-1,2,NoSolution,
复杂异构 (1x1+2x2+3x1),9,3,38064,False,0.01441335678100586,5.0,-1,-1,-1,0,NoSolution,
复杂异构 (1x1+2x2+3x1),9,4,80926,False,0.01294088363647461,5.0,-1,-1,-1,0,NoSolution,
复杂异构 (1x1+2x2+3x1),9,5,66558,True,0.6792812347412109,0.6792812347412109,119,13.222222222222221,22,108,,
复杂异构 (1x1+2x2+3x1),9,6,53819,True,0.029348134994506836,0.029348134994506836,77,8.555555555555555,21,3,,
复杂异构 (1x1+2x2+3x1),9,7,15108,False,0.7892682552337646,5.0,-1,-1,-1,67,NoSolution,
复杂异构 (1x1+2x2+3x1),9,8,59677,False,0.05164694786071777,5.0,-1,-1,-1,6,NoSolution,
复杂异构 (1x1+2x2+3x1),9,9,71282,False,5.005081653594971,5.0,-1,-1,-1,306,Timeout,
复杂异构 (1x1+2x2+3x1),9,10,51530,True,0.052538394927978516,0.052538394927978516,98,10.88888888888889,26,11,,
复杂异构 (1x1+2x2+3x1),9,11,8077,False,5.009067058563232,5.0,-1,-1,-1,622,Timeout,
复杂异构 (1x1+2x2+3x1),9,12,95503,False,0.031757354736328125,5.0,-1,-1,-1,0,NoSolution,
复杂异构 (1x1+2x2+3x1),9,13,19414,False,0.17425155639648438,5.0,-1,-1,-1,18,NoSolution,
复杂异构 (1x1+2x2+3x1),9,14,32307,False,1.4645884037017822,5.0,-1,-1,-1,181,NoSolution,
复杂异构 (1x1+2x2+3x1),9,15,9843,False,0.34841012954711914,5.0,-1,-1,-1,22,NoSolution,
复杂异构 (1x1+2x2+3x1),9,16,59958,False,5.049329042434692,5.0,-1,-1,-1,522,Timeout,
复杂异构 (1x1+2x2+3x1),9,17,96717,False,0.019454479217529297,5.0,-1,-1,-1,0,NoSolution,
复杂异构 (1x1+2x2+3x1),9,18,69466,False,0.014135360717773438,5.0,-1,-1,-1,0,NoSolution,
复杂异构 (1x1+2x2+3x1),9,19,41138,True,0.0799713134765625,0.0799713134765625,82,9.11111111111111,23,13,,
复杂异构 (1x1+2x2+3x1),9,20,73359,False,0.016533613204956055,5.0,-1,-1,-1,0,NoSolution,
复杂异构 (1x1+2x2+3x1),10,1,64203,False,0.1356818675994873,5.0,-1,-1,-1,17,NoSolution,
复杂异构 (1x1+2x2+3x1),10,2,88513,False,3.7171213626861572,5.0,-1,-1,-1,598,NoSolution,
复杂异构 (1x1+2x2+3x1),10,3,8393,False,0.05396533012390137,5.0,-1,-1,-1,0,NoSolution,
复杂异构 (1x1+2x2+3x1),10,4,78111,False,0.041715145111083984,5.0,-1,-1,-1,2,NoSolution,
复杂异构 (1x1+2x2+3x1),10,5,49423,False,0.01106715202331543,5.0,-1,-1,-1,0,NoSolution,
复杂异构 (1x1+2x2+3x1),10,6,78562,False,0.07710433006286621,5.0,-1,-1,-1,10,NoSolution,
复杂异构 (1x1+2x2+3x1),10,7,56337,False,0.1833963394165039,5.0,-1,-1,-1,22,NoSolution,
复杂异构 (1x1+2x2+3x1),10,8,42974,False,4.09734034538269,5.0,-1,-1,-1,572,NoSolution,
复杂异构 (1x1+2x2+3x1),10,9,97336,False,1.2153229713439941,5.0,-1,-1,-1,336,NoSolution,
复杂异构 (1x1+2x2+3x1),10,10,50382,False,2.12896466255188,5.0,-1,-1,-1,420,NoSolution,
复杂异构 (1x1+2x2+3x1),10,11,84984,False,0.019557952880859375,5.0,-1,-1,-1,0,NoSolution,
复杂异构 (1x1+2x2+3x1),10,12,28637,False,0.14868450164794922,5.0,-1,-1,-1,36,NoSolution,
复杂异构 (1x1+2x2+3x1),10,13,97952,True,0.15115618705749512,0.15115618705749512,87,8.7,21,41,,
复杂异构 (1x1+2x2+3x1),10,14,25960,False,0.34760594367980957,5.0,-1,-1,-1,65,NoSolution,
复杂异构 (1x1+2x2+3x1),10,15,47217,False,1.716090440750122,5.0,-1,-1,-1,107,NoSolution,
复杂异构 (1x1+2x2+3x1),10,16,19891,False,0.0320127010345459,5.0,-1,-1,-1,0,NoSolution,
复杂异构 (1x1+2x2+3x1),10,17,62474,False,0.71240234375,5.0,-1,-1,-1,90,NoSolution,
复杂异构 (1x1+2x2+3x1),10,18,18635,False,0.017616748809814453,5.0,-1,-1,-1,0,NoSolution,
复杂异构 (1x1+2x2+3x1),10,19,43368,False,3.453434467315674,5.0,-1,-1,-1,478,NoSolution,
复杂异构 (1x1+2x2+3x1),10,20,95659,False,0.01748371124267578,5.0,-1,-1,-1,0,NoSolution,
